Plan_Key,Plan_Name,Variant_Key,Variant_Name,Week,Day,Day_Order,Meal_Type,Component,Item_Name,Original_Entry
basic,Basic Plan,nonveg,Non-Veg,W1,Monday,1,Dinner,Main,Ragi collagen chicken soup,Ragi collagen chicken soup
basic,Basic Plan,nonveg,Non-Veg,W1,Monday,1,Dinner,Protein,Soyu egg,Soyu egg
basic,Basic Plan,nonveg,Non-Veg,W1,Monday,1,Lunch,Main,Mesclun Quinoa Salad,Mesclun Quinoa Salad
basic,Basic Plan,nonveg,Non-Veg,W1,Monday,1,Lunch,Protein,Soyu egg,Soyu egg
basic,Basic Plan,nonveg,Non-Veg,W1,Tuesday,2,Dinner,Main,Vegetable millet broth,Vegetable millet broth
basic,Basic Plan,nonveg,Non-Veg,W1,Tuesday,2,Dinner,Protein,Soyu egg,Soyu egg
basic,Basic Plan,nonveg,Non-Veg,W1,Tuesday,2,Lunch,Main,Sour Dough Grilled Chicken and Avocado Sandwich,Sour Dough Grilled Chicken and Avocado Sandwich
basic,Basic Plan,nonveg,Non-Veg,W1,Tuesday,2,Lunch,Protein,Herbs Marinated Chicken Breast,Herbs Marinated Chicken Breast
basic,Basic Plan,nonveg,Non-Veg,W1,Wednesday,3,Dinner,Main,Mesclun Quinoa Salad,Mesclun Quinoa Salad
basic,Basic Plan,nonveg,Non-Veg,W1,Wednesday,3,Dinner,Protein,Soyu egg,Soyu egg
basic,Basic Plan,nonveg,Non-Veg,W1,Wednesday,3,Lunch,Main,Pulled Chicken Caesar Salad,Pulled Chicken Caesar Salad
basic,Basic Plan,nonveg,Non-Veg,W1,Thursday,4,Dinner,Main,Yuzu Corn Salad,Yuzu Corn Salad
basic,Basic Plan,nonveg,Non-Veg,W1,Thursday,4,Dinner,Protein,Soyu egg,Soyu egg
basic,Basic Plan,nonveg,Non-Veg,W1,Thursday,4,Lunch,Main,Furikake Avocado Toast with Jammy Eggs,Furikake Avocado Toast with Jammy Eggs
basic,Basic Plan,nonveg,Non-Veg,W1,Thursday,4,Lunch,Protein,Soyu egg,Soyu egg
basic,Basic Plan,nonveg,Non-Veg,W1,Friday,5,Dinner,Main,Ragi Jowar Chappathi combo,Ragi Jowar Chappathi combo
basic,Basic Plan,nonveg,Non-Veg,W1,Friday,5,Lunch,Main,Protein Chicken Collagen Millet Kanji,Protein Chicken Collagen Millet Kanji
basic,Basic Plan,nonveg,Non-Veg,W1,Saturday,6,Dinner,Main,Protein Chicken Collagen Millet Kanji,Protein Chicken Collagen Millet Kanji
basic,Basic Plan,nonveg,Non-Veg,W1,Saturday,6,Lunch,Main,Sour Dough Grilled Chicken and Avocado Sandwich,Sour Dough Grilled Chicken and Avocado Sandwich
basic,Basic Plan,nonveg,Non-Veg,W1,Saturday,6,Lunch,Protein,Herbs Marinated Chicken Breast,Herbs Marinated Chicken Breast
basic,Basic Plan,nonveg,Non-Veg,W2,Monday,1,Dinner,Main,Ragi collagen chicken soup,Ragi collagen chicken soup
basic,Basic Plan,nonveg,Non-Veg,W2,Monday,1,Dinner,Protein,Soyu egg,Soyu egg
basic,Basic Plan,nonveg,Non-Veg,W2,Monday,1,Lunch,Main,Mesclun Quinoa Salad,Mesclun Quinoa Salad
basic,Basic Plan,nonveg,Non-Veg,W2,Monday,1,Lunch,Protein,Soyu egg,Soyu egg
basic,Basic Plan,nonveg,Non-Veg,W2,Tuesday,2,Dinner,Main,Vegetable millet broth,Vegetable millet broth
basic,Basic Plan,nonveg,Non-Veg,W2,Tuesday,2,Dinner,Protein,Soyu egg,Soyu egg
basic,Basic Plan,nonveg,Non-Veg,W2,Tuesday,2,Lunch,Main,Sour Dough Grilled Chicken and Avocado Sandwich,Sour Dough Grilled Chicken and Avocado Sandwich
basic,Basic Plan,nonveg,Non-Veg,W2,Tuesday,2,Lunch,Protein,Herbs Marinated Chicken Breast,Herbs Marinated Chicken Breast
basic,Basic Plan,nonveg,Non-Veg,W2,Wednesday,3,Dinner,Main,Mesclun Quinoa Salad,Mesclun Quinoa Salad
basic,Basic Plan,nonveg,Non-Veg,W2,Wednesday,3,Dinner,Protein,Soyu egg,Soyu egg
basic,Basic Plan,nonveg,Non-Veg,W2,Wednesday,3,Lunch,Main,Pulled Chicken Caesar Salad,Pulled Chicken Caesar Salad
basic,Basic Plan,nonveg,Non-Veg,W2,Thursday,4,Dinner,Main,Yuzu Corn Salad,Yuzu Corn Salad
basic,Basic Plan,nonveg,Non-Veg,W2,Thursday,4,Dinner,Protein,Soyu egg,Soyu egg
basic,Basic Plan,nonveg,Non-Veg,W2,Thursday,4,Lunch,Main,Furikake Avocado Toast with Jammy Eggs,Furikake Avocado Toast with Jammy Eggs
basic,Basic Plan,nonveg,Non-Veg,W2,Thursday,4,Lunch,Protein,Soyu egg,Soyu egg
basic,Basic Plan,nonveg,Non-Veg,W2,Friday,5,Dinner,Main,Ragi Jowar Chappathi combo,Ragi Jowar Chappathi combo
basic,Basic Plan,nonveg,Non-Veg,W2,Friday,5,Lunch,Main,Protein Chicken Collagen Millet Kanji,Protein Chicken Collagen Millet Kanji
basic,Basic Plan,nonveg,Non-Veg,W2,Saturday,6,Dinner,Main,Protein Chicken Collagen Millet Kanji,Protein Chicken Collagen Millet Kanji
basic,Basic Plan,nonveg,Non-Veg,W2,Saturday,6,Lunch,Main,Sour Dough Grilled Chicken and Avocado Sandwich,Sour Dough Grilled Chicken and Avocado Sandwich
basic,Basic Plan,nonveg,Non-Veg,W2,Saturday,6,Lunch,Protein,Herbs Marinated Chicken Breast,Herbs Marinated Chicken Breast
basic,Basic Plan,nonveg,Non-Veg,W3,Monday,1,Dinner,Main,Ragi collagen chicken soup,Ragi collagen chicken soup
basic,Basic Plan,nonveg,Non-Veg,W3,Monday,1,Dinner,Protein,Soyu egg,Soyu egg
basic,Basic Plan,nonveg,Non-Veg,W3,Monday,1,Lunch,Main,Mesclun Quinoa Salad,Mesclun Quinoa Salad
basic,Basic Plan,nonveg,Non-Veg,W3,Monday,1,Lunch,Protein,Soyu egg,Soyu egg
basic,Basic Plan,nonveg,Non-Veg,W3,Tuesday,2,Dinner,Main,Vegetable millet broth,Vegetable millet broth
basic,Basic Plan,nonveg,Non-Veg,W3,Tuesday,2,Dinner,Protein,Soyu egg,Soyu egg
basic,Basic Plan,nonveg,Non-Veg,W3,Tuesday,2,Lunch,Main,Sour Dough Grilled Chicken and Avocado Sandwich,Sour Dough Grilled Chicken and Avocado Sandwich
basic,Basic Plan,nonveg,Non-Veg,W3,Tuesday,2,Lunch,Protein,Herbs Marinated Chicken Breast,Herbs Marinated Chicken Breast
basic,Basic Plan,nonveg,Non-Veg,W3,Wednesday,3,Dinner,Main,Mesclun Quinoa Salad,Mesclun Quinoa Salad
basic,Basic Plan,nonveg,Non-Veg,W3,Wednesday,3,Dinner,Protein,Soyu egg,Soyu egg
basic,Basic Plan,nonveg,Non-Veg,W3,Wednesday,3,Lunch,Main,Pulled Chicken Caesar Salad,Pulled Chicken Caesar Salad
basic,Basic Plan,nonveg,Non-Veg,W3,Thursday,4,Dinner,Main,Yuzu Corn Salad,Yuzu Corn Salad
basic,Basic Plan,nonveg,Non-Veg,W3,Thursday,4,Dinner,Protein,Soyu egg,Soyu egg
basic,Basic Plan,nonveg,Non-Veg,W3,Thursday,4,Lunch,Main,Furikake Avocado Toast with Jammy Eggs,Furikake Avocado Toast with Jammy Eggs
basic,Basic Plan,nonveg,Non-Veg,W3,Thursday,4,Lunch,Protein,Soyu egg,Soyu egg
basic,Basic Plan,nonveg,Non-Veg,W3,Friday,5,Dinner,Main,Ragi Jowar Chappathi combo,Ragi Jowar Chappathi combo
basic,Basic Plan,nonveg,Non-Veg,W3,Friday,5,Lunch,Main,Protein Chicken Collagen Millet Kanji,Protein Chicken Collagen Millet Kanji
basic,Basic Plan,nonveg,Non-Veg,W3,Saturday,6,Dinner,Main,Protein Chicken Collagen Millet Kanji,Protein Chicken Collagen Millet Kanji
basic,Basic Plan,nonveg,Non-Veg,W3,Saturday,6,Lunch,Main,Sour Dough Grilled Chicken and Avocado Sandwich,Sour Dough Grilled Chicken and Avocado Sandwich
basic,Basic Plan,nonveg,Non-Veg,W3,Saturday,6,Lunch,Protein,Herbs Marinated Chicken Breast,Herbs Marinated Chicken Breast
basic,Basic Plan,nonveg,Non-Veg,W4,Monday,1,Dinner,Main,Ragi collagen chicken soup,Ragi collagen chicken soup
basic,Basic Plan,nonveg,Non-Veg,W4,Monday,1,Dinner,Protein,Soyu egg,Soyu egg
basic,Basic Plan,nonveg,Non-Veg,W4,Monday,1,Lunch,Main,Mesclun Quinoa Salad,Mesclun Quinoa Salad
basic,Basic Plan,nonveg,Non-Veg,W4,Monday,1,Lunch,Protein,Soyu egg,Soyu egg
basic,Basic Plan,nonveg,Non-Veg,W4,Tuesday,2,Dinner,Main,Vegetable millet broth,Vegetable millet broth
basic,Basic Plan,nonveg,Non-Veg,W4,Tuesday,2,Dinner,Protein,Soyu egg,Soyu egg
basic,Basic Plan,nonveg,Non-Veg,W4,Tuesday,2,Lunch,Main,Sour Dough Grilled Chicken and Avocado Sandwich,Sour Dough Grilled Chicken and Avocado Sandwich
basic,Basic Plan,nonveg,Non-Veg,W4,Tuesday,2,Lunch,Protein,Herbs Marinated Chicken Breast,Herbs Marinated Chicken Breast
basic,Basic Plan,nonveg,Non-Veg,W4,Wednesday,3,Dinner,Main,Mesclun Quinoa Salad,Mesclun Quinoa Salad
basic,Basic Plan,nonveg,Non-Veg,W4,Wednesday,3,Dinner,Protein,Soyu egg,Soyu egg
basic,Basic Plan,nonveg,Non-Veg,W4,Wednesday,3,Lunch,Main,Pulled Chicken Caesar Salad,Pulled Chicken Caesar Salad
basic,Basic Plan,nonveg,Non-Veg,W4,Thursday,4,Dinner,Main,Yuzu Corn Salad,Yuzu Corn Salad
basic,Basic Plan,nonveg,Non-Veg,W4,Thursday,4,Dinner,Protein,Soyu egg,Soyu egg
basic,Basic Plan,nonveg,Non-Veg,W4,Thursday,4,Lunch,Main,Furikake Avocado Toast with Jammy Eggs,Furikake Avocado Toast with Jammy Eggs
basic,Basic Plan,nonveg,Non-Veg,W4,Thursday,4,Lunch,Protein,Soyu egg,Soyu egg
basic,Basic Plan,nonveg,Non-Veg,W4,Friday,5,Dinner,Main,Ragi Jowar Chappathi combo,Ragi Jowar Chappathi combo
basic,Basic Plan,nonveg,Non-Veg,W4,Friday,5,Lunch,Main,Protein Chicken Collagen Millet Kanji,Protein Chicken Collagen Millet Kanji
basic,Basic Plan,nonveg,Non-Veg,W4,Saturday,6,Dinner,Main,Protein Chicken Collagen Millet Kanji,Protein Chicken Collagen Millet Kanji
basic,Basic Plan,nonveg,Non-Veg,W4,Saturday,6,Lunch,Main,Sour Dough Grilled Chicken and Avocado Sandwich,Sour Dough Grilled Chicken and Avocado Sandwich
basic,Basic Plan,nonveg,Non-Veg,W4,Saturday,6,Lunch,Protein,Herbs Marinated Chicken Breast,Herbs Marinated Chicken Breast
basic,Basic Plan,veg,Veg,W1,Monday,1,Dinner,Main,Vegetable millet broth,Vegetable millet broth
basic,Basic Plan,veg,Veg,W1,Monday,1,Dinner,Protein,Soyu egg,Soyu egg
basic,Basic Plan,veg,Veg,W1,Monday,1,Lunch,Main,Mesclun Quinoa Salad,Mesclun Quinoa Salad
basic,Basic Plan,veg,Veg,W1,Monday,1,Lunch,Protein,Paneer grilled,Paneer grilled
basic,Basic Plan,veg,Veg,W1,Tuesday,2,Dinner,Main,Mesclun Quinoa Salad,Mesclun Quinoa Salad
basic,Basic Plan,veg,Veg,W1,Tuesday,2,Dinner,Protein,Paneer grilled,Paneer grilled
basic,Basic Plan,veg,Veg,W1,Tuesday,2,Lunch,Main,Yuzu Corn Salad,Yuzu Corn Salad
basic,Basic Plan,veg,Veg,W1,Tuesday,2,Lunch,Protein,Soyu egg,Soyu egg
basic,Basic Plan,veg,Veg,W1,Wednesday,3,Dinner,Main,Yuzu Corn Salad,Yuzu Corn Salad
basic,Basic Plan,veg,Veg,W1,Wednesday,3,Dinner,Protein,Soyu egg,Soyu egg
basic,Basic Plan,veg,Veg,W1,Wednesday,3,Lunch,Main,French Onion Grilled Cheese,French Onion Grilled Cheese
basic,Basic Plan,veg,Veg,W1,Wednesday,3,Lunch,Protein,Paneer grilled,Paneer grilled
basic,Basic Plan,veg,Veg,W1,Thursday,4,Dinner,Main,Vegetable millet broth,Vegetable millet broth
basic,Basic Plan,veg,Veg,W1,Thursday,4,Dinner,Protein,Paneer grilled,Paneer grilled
basic,Basic Plan,veg,Veg,W1,Thursday,4,Lunch,Main,Furikake Avocado Toast with Jammy Eggs,Furikake Avocado Toast with Jammy Eggs
basic,Basic Plan,veg,Veg,W1,Thursday,4,Lunch,Protein,Soyu egg,Soyu egg
basic,Basic Plan,veg,Veg,W1,Friday,5,Dinner,Main,Ragi Jowar Chappathi combo,Ragi Jowar Chappathi combo
basic,Basic Plan,veg,Veg,W1,Friday,5,Lunch,Main,Ragi Jowar Chappathi combo,Ragi Jowar Chappathi combo
basic,Basic Plan,veg,Veg,W1,Saturday,6,Dinner,Main,Yuzu Corn Salad,Yuzu Corn Salad
basic,Basic Plan,veg,Veg,W1,Saturday,6,Dinner,Protein,Paneer grilled,Paneer grilled
basic,Basic Plan,veg,Veg,W1,Saturday,6,Lunch,Main,Mesclun Quinoa Salad,Mesclun Quinoa Salad
basic,Basic Plan,veg,Veg,W1,Saturday,6,Lunch,Protein,Soyu egg,Soyu egg
basic,Basic Plan,veg,Veg,W2,Monday,1,Dinner,Main,Vegetable millet broth,Vegetable millet broth
basic,Basic Plan,veg,Veg,W2,Monday,1,Dinner,Protein,Soyu egg,Soyu egg
basic,Basic Plan,veg,Veg,W2,Monday,1,Lunch,Main,Mesclun Quinoa Salad,Mesclun Quinoa Salad
basic,Basic Plan,veg,Veg,W2,Monday,1,Lunch,Protein,Paneer grilled,Paneer grilled
basic,Basic Plan,veg,Veg,W2,Tuesday,2,Dinner,Main,Mesclun Quinoa Salad,Mesclun Quinoa Salad
basic,Basic Plan,veg,Veg,W2,Tuesday,2,Dinner,Protein,Paneer grilled,Paneer grilled
basic,Basic Plan,veg,Veg,W2,Tuesday,2,Lunch,Main,Yuzu Corn Salad,Yuzu Corn Salad
basic,Basic Plan,veg,Veg,W2,Tuesday,2,Lunch,Protein,Soyu egg,Soyu egg
basic,Basic Plan,veg,Veg,W2,Wednesday,3,Dinner,Main,Yuzu Corn Salad,Yuzu Corn Salad
basic,Basic Plan,veg,Veg,W2,Wednesday,3,Dinner,Protein,Soyu egg,Soyu egg
basic,Basic Plan,veg,Veg,W2,Wednesday,3,Lunch,Main,French Onion Grilled Cheese,French Onion Grilled Cheese
basic,Basic Plan,veg,Veg,W2,Wednesday,3,Lunch,Protein,Paneer grilled,Paneer grilled
basic,Basic Plan,veg,Veg,W2,Thursday,4,Dinner,Main,Vegetable millet broth,Vegetable millet broth
basic,Basic Plan,veg,Veg,W2,Thursday,4,Dinner,Protein,Paneer grilled,Paneer grilled
basic,Basic Plan,veg,Veg,W2,Thursday,4,Lunch,Main,Furikake Avocado Toast with Jammy Eggs,Furikake Avocado Toast with Jammy Eggs
basic,Basic Plan,veg,Veg,W2,Thursday,4,Lunch,Protein,Soyu egg,Soyu egg
basic,Basic Plan,veg,Veg,W2,Friday,5,Dinner,Main,Ragi Jowar Chappathi combo,Ragi Jowar Chappathi combo
basic,Basic Plan,veg,Veg,W2,Friday,5,Lunch,Main,Ragi Jowar Chappathi combo,Ragi Jowar Chappathi combo
basic,Basic Plan,veg,Veg,W2,Saturday,6,Dinner,Main,Yuzu Corn Salad,Yuzu Corn Salad
basic,Basic Plan,veg,Veg,W2,Saturday,6,Dinner,Protein,Paneer grilled,Paneer grilled
basic,Basic Plan,veg,Veg,W2,Saturday,6,Lunch,Main,Mesclun Quinoa Salad,Mesclun Quinoa Salad
basic,Basic Plan,veg,Veg,W2,Saturday,6,Lunch,Protein,Soyu egg,Soyu egg
basic,Basic Plan,veg,Veg,W3,Monday,1,Dinner,Main,Vegetable millet broth,Vegetable millet broth
basic,Basic Plan,veg,Veg,W3,Monday,1,Dinner,Protein,Soyu egg,Soyu egg
basic,Basic Plan,veg,Veg,W3,Monday,1,Lunch,Main,Mesclun Quinoa Salad,Mesclun Quinoa Salad
basic,Basic Plan,veg,Veg,W3,Monday,1,Lunch,Protein,Paneer grilled,Paneer grilled
basic,Basic Plan,veg,Veg,W3,Tuesday,2,Dinner,Main,Mesclun Quinoa Salad,Mesclun Quinoa Salad
basic,Basic Plan,veg,Veg,W3,Tuesday,2,Dinner,Protein,Paneer grilled,Paneer grilled
basic,Basic Plan,veg,Veg,W3,Tuesday,2,Lunch,Main,Yuzu Corn Salad,Yuzu Corn Salad
basic,Basic Plan,veg,Veg,W3,Tuesday,2,Lunch,Protein,Soyu egg,Soyu egg
basic,Basic Plan,veg,Veg,W3,Wednesday,3,Dinner,Main,Yuzu Corn Salad,Yuzu Corn Salad
basic,Basic Plan,veg,Veg,W3,Wednesday,3,Dinner,Protein,Soyu egg,Soyu egg
basic,Basic Plan,veg,Veg,W3,Wednesday,3,Lunch,Main,French Onion Grilled Cheese,French Onion Grilled Cheese
basic,Basic Plan,veg,Veg,W3,Wednesday,3,Lunch,Protein,Paneer grilled,Paneer grilled
basic,Basic Plan,veg,Veg,W3,Thursday,4,Dinner,Main,Vegetable millet broth,Vegetable millet broth
basic,Basic Plan,veg,Veg,W3,Thursday,4,Dinner,Protein,Paneer grilled,Paneer grilled
basic,Basic Plan,veg,Veg,W3,Thursday,4,Lunch,Main,Furikake Avocado Toast with Jammy Eggs,Furikake Avocado Toast with Jammy Eggs
basic,Basic Plan,veg,Veg,W3,Thursday,4,Lunch,Protein,Soyu egg,Soyu egg
basic,Basic Plan,veg,Veg,W3,Friday,5,Dinner,Main,Ragi Jowar Chappathi combo,Ragi Jowar Chappathi combo
basic,Basic Plan,veg,Veg,W3,Friday,5,Lunch,Main,Ragi Jowar Chappathi combo,Ragi Jowar Chappathi combo
basic,Basic Plan,veg,Veg,W3,Saturday,6,Dinner,Main,Yuzu Corn Salad,Yuzu Corn Salad
basic,Basic Plan,veg,Veg,W3,Saturday,6,Dinner,Protein,Paneer grilled,Paneer grilled
basic,Basic Plan,veg,Veg,W3,Saturday,6,Lunch,Main,Mesclun Quinoa Salad,Mesclun Quinoa Salad
basic,Basic Plan,veg,Veg,W3,Saturday,6,Lunch,Protein,Soyu egg,Soyu egg
basic,Basic Plan,veg,Veg,W4,Monday,1,Dinner,Main,Vegetable millet broth,Vegetable millet broth
basic,Basic Plan,veg,Veg,W4,Monday,1,Dinner,Protein,Soyu egg,Soyu egg
basic,Basic Plan,veg,Veg,W4,Monday,1,Lunch,Main,Mesclun Quinoa Salad,Mesclun Quinoa Salad
basic,Basic Plan,veg,Veg,W4,Monday,1,Lunch,Protein,Paneer grilled,Paneer grilled
basic,Basic Plan,veg,Veg,W4,Tuesday,2,Dinner,Main,Mesclun Quinoa Salad,Mesclun Quinoa Salad
basic,Basic Plan,veg,Veg,W4,Tuesday,2,Dinner,Protein,Paneer grilled,Paneer grilled
basic,Basic Plan,veg,Veg,W4,Tuesday,2,Lunch,Main,Yuzu Corn Salad,Yuzu Corn Salad
basic,Basic Plan,veg,Veg,W4,Tuesday,2,Lunch,Protein,Soyu egg,Soyu egg
basic,Basic Plan,veg,Veg,W4,Wednesday,3,Dinner,Main,Yuzu Corn Salad,Yuzu Corn Salad
basic,Basic Plan,veg,Veg,W4,Wednesday,3,Dinner,Protein,Soyu egg,Soyu egg
basic,Basic Plan,veg,Veg,W4,Wednesday,3,Lunch,Main,French Onion Grilled Cheese,French Onion Grilled Cheese
basic,Basic Plan,veg,Veg,W4,Wednesday,3,Lunch,Protein,Paneer grilled,Paneer grilled
basic,Basic Plan,veg,Veg,W4,Thursday,4,Dinner,Main,Vegetable millet broth,Vegetable millet broth
basic,Basic Plan,veg,Veg,W4,Thursday,4,Dinner,Protein,Paneer grilled,Paneer grilled
basic,Basic Plan,veg,Veg,W4,Thursday,4,Lunch,Main,Furikake Avocado Toast with Jammy Eggs,Furikake Avocado Toast with Jammy Eggs
basic,Basic Plan,veg,Veg,W4,Thursday,4,Lunch,Protein,Soyu egg,Soyu egg
basic,Basic Plan,veg,Veg,W4,Friday,5,Dinner,Main,Ragi Jowar Chappathi combo,Ragi Jowar Chappathi combo
basic,Basic Plan,veg,Veg,W4,Friday,5,Lunch,Main,Ragi Jowar Chappathi combo,Ragi Jowar Chappathi combo
basic,Basic Plan,veg,Veg,W4,Saturday,6,Dinner,Main,Yuzu Corn Salad,Yuzu Corn Salad
basic,Basic Plan,veg,Veg,W4,Saturday,6,Dinner,Protein,Paneer grilled,Paneer grilled
basic,Basic Plan,veg,Veg,W4,Saturday,6,Lunch,Main,Mesclun Quinoa Salad,Mesclun Quinoa Salad
basic,Basic Plan,veg,Veg,W4,Saturday,6,Lunch,Protein,Soyu egg,Soyu egg
customised,Customised Plan,custom,Custom,Template,Monday,1,Dinner,Accompaniment 1,Choose from options,
customised,Customised Plan,custom,Custom,Template,Monday,1,Dinner,Accompaniment 2,Choose from options,
customised,Customised Plan,custom,Custom,Template,Monday,1,Dinner,Accompaniment 3,Choose from options,
customised,Customised Plan,custom,Custom,Template,Monday,1,Dinner,Combos,Choose from options,
customised,Customised Plan,custom,Custom,Template,Monday,1,Dinner,Dessert,Choose from options,
customised,Customised Plan,custom,Custom,Template,Monday,1,Dinner,Drinks,Choose from options,
customised,Customised Plan,custom,Custom,Template,Monday,1,Dinner,Protein,Choose from options,
customised,Customised Plan,custom,Custom,Template,Monday,1,Dinner,Salads,Choose from options,
customised,Customised Plan,custom,Custom,Template,Monday,1,Dinner,Sandwich,Choose from options,
customised,Customised Plan,custom,Custom,Template,Monday,1,Dinner,Soup,Choose from options,
customised,Customised Plan,custom,Custom,Template,Monday,1,Lunch,Accompaniment 1,Choose from options,
customised,Customised Plan,custom,Custom,Template,Monday,1,Lunch,Accompaniment 2,Choose from options,
customised,Customised Plan,custom,Custom,Template,Monday,1,Lunch,Accompaniment 3,Choose from options,
customised,Customised Plan,custom,Custom,Template,Monday,1,Lunch,Combos,Choose from options,
customised,Customised Plan,custom,Custom,Template,Monday,1,Lunch,Detox smoothies,Choose from options,
customised,Customised Plan,custom,Custom,Template,Monday,1,Lunch,Gut boosters,Choose from options,
customised,Customised Plan,custom,Custom,Template,Monday,1,Lunch,Protein,Choose from options,
customised,Customised Plan,custom,Custom,Template,Monday,1,Lunch,Salads,Choose from options,
customised,Customised Plan,custom,Custom,Template,Monday,1,Lunch,Sandwich,Choose from options,
customised,Customised Plan,custom,Custom,Template,Monday,1,Lunch,Soup,Choose from options,
customised,Customised Plan,custom,Custom,Template,Tuesday,2,Dinner,Accompaniment 1,Choose from options,
customised,Customised Plan,custom,Custom,Template,Tuesday,2,Dinner,Accompaniment 2,Choose from options,
customised,Customised Plan,custom,Custom,Template,Tuesday,2,Dinner,Accompaniment 3,Choose from options,
customised,Customised Plan,custom,Custom,Template,Tuesday,2,Dinner,Combos,Choose from options,
customised,Customised Plan,custom,Custom,Template,Tuesday,2,Dinner,Dessert,Choose from options,
customised,Customised Plan,custom,Custom,Template,Tuesday,2,Dinner,Drinks,Choose from options,
customised,Customised Plan,custom,Custom,Template,Tuesday,2,Dinner,Protein,Choose from options,
customised,Customised Plan,custom,Custom,Template,Tuesday,2,Dinner,Salads,Choose from options,
customised,Customised Plan,custom,Custom,Template,Tuesday,2,Dinner,Sandwich,Choose from options,
customised,Customised Plan,custom,Custom,Template,Tuesday,2,Dinner,Soup,Choose from options,
customised,Customised Plan,custom,Custom,Template,Tuesday,2,Lunch,Accompaniment 1,Choose from options,
customised,Customised Plan,custom,Custom,Template,Tuesday,2,Lunch,Accompaniment 2,Choose from options,
customised,Customised Plan,custom,Custom,Template,Tuesday,2,Lunch,Accompaniment 3,Choose from options,
customised,Customised Plan,custom,Custom,Template,Tuesday,2,Lunch,Combos,Choose from options,
customised,Customised Plan,custom,Custom,Template,Tuesday,2,Lunch,Detox smoothies,Choose from options,
customised,Customised Plan,custom,Custom,Template,Tuesday,2,Lunch,Gut boosters,Choose from options,
customised,Customised Plan,custom,Custom,Template,Tuesday,2,Lunch,Protein,Choose from options,
customised,Customised Plan,custom,Custom,Template,Tuesday,2,Lunch,Salads,Choose from options,
customised,Customised Plan,custom,Custom,Template,Tuesday,2,Lunch,Sandwich,Choose from options,
customised,Customised Plan,custom,Custom,Template,Tuesday,2,Lunch,Soup,Choose from options,
customised,Customised Plan,custom,Custom,Template,Wednesday,3,Dinner,Accompaniment 1,Choose from options,
customised,Customised Plan,custom,Custom,Template,Wednesday,3,Dinner,Accompaniment 2,Choose from options,
customised,Customised Plan,custom,Custom,Template,Wednesday,3,Dinner,Accompaniment 3,Choose from options,
customised,Customised Plan,custom,Custom,Template,Wednesday,3,Dinner,Combos,Choose from options,
customised,Customised Plan,custom,Custom,Template,Wednesday,3,Dinner,Dessert,Choose from options,
customised,Customised Plan,custom,Custom,Template,Wednesday,3,Dinner,Drinks,Choose from options,
customised,Customised Plan,custom,Custom,Template,Wednesday,3,Dinner,Protein,Choose from options,
customised,Customised Plan,custom,Custom,Template,Wednesday,3,Dinner,Salads,Choose from options,
customised,Customised Plan,custom,Custom,Template,Wednesday,3,Dinner,Sandwich,Choose from options,
customised,Customised Plan,custom,Custom,Template,Wednesday,3,Dinner,Soup,Choose from options,
customised,Customised Plan,custom,Custom,Template,Wednesday,3,Lunch,Accompaniment 1,Choose from options,
customised,Customised Plan,custom,Custom,Template,Wednesday,3,Lunch,Accompaniment 2,Choose from options,
customised,Customised Plan,custom,Custom,Template,Wednesday,3,Lunch,Accompaniment 3,Choose from options,
customised,Customised Plan,custom,Custom,Template,Wednesday,3,Lunch,Combos,Choose from options,
customised,Customised Plan,custom,Custom,Template,Wednesday,3,Lunch,Detox smoothies,Choose from options,
customised,Customised Plan,custom,Custom,Template,Wednesday,3,Lunch,Gut boosters,Choose from options,
customised,Customised Plan,custom,Custom,Template,Wednesday,3,Lunch,Protein,Choose from options,
customised,Customised Plan,custom,Custom,Template,Wednesday,3,Lunch,Salads,Choose from options,
customised,Customised Plan,custom,Custom,Template,Wednesday,3,Lunch,Sandwich,Choose from options,
customised,Customised Plan,custom,Custom,Template,Wednesday,3,Lunch,Soup,Choose from options,
customised,Customised Plan,custom,Custom,Template,Thursday,4,Dinner,Accompaniment 1,Choose from options,
customised,Customised Plan,custom,Custom,Template,Thursday,4,Dinner,Accompaniment 2,Choose from options,
customised,Customised Plan,custom,Custom,Template,Thursday,4,Dinner,Accompaniment 3,Choose from options,
customised,Customised Plan,custom,Custom,Template,Thursday,4,Dinner,Combos,Choose from options,
customised,Customised Plan,custom,Custom,Template,Thursday,4,Dinner,Dessert,Choose from options,
customised,Customised Plan,custom,Custom,Template,Thursday,4,Dinner,Drinks,Choose from options,
customised,Customised Plan,custom,Custom,Template,Thursday,4,Dinner,Protein,Choose from options,
customised,Customised Plan,custom,Custom,Template,Thursday,4,Dinner,Salads,Choose from options,
customised,Customised Plan,custom,Custom,Template,Thursday,4,Dinner,Sandwich,Choose from options,
customised,Customised Plan,custom,Custom,Template,Thursday,4,Dinner,Soup,Choose from options,
customised,Customised Plan,custom,Custom,Template,Thursday,4,Lunch,Accompaniment 1,Choose from options,
customised,Customised Plan,custom,Custom,Template,Thursday,4,Lunch,Accompaniment 2,Choose from options,
customised,Customised Plan,custom,Custom,Template,Thursday,4,Lunch,Accompaniment 3,Choose from options,
customised,Customised Plan,custom,Custom,Template,Thursday,4,Lunch,Combos,Choose from options,
customised,Customised Plan,custom,Custom,Template,Thursday,4,Lunch,Detox smoothies,Choose from options,
customised,Customised Plan,custom,Custom,Template,Thursday,4,Lunch,Gut boosters,Choose from options,
customised,Customised Plan,custom,Custom,Template,Thursday,4,Lunch,Protein,Choose from options,
customised,Customised Plan,custom,Custom,Template,Thursday,4,Lunch,Salads,Choose from options,
customised,Customised Plan,custom,Custom,Template,Thursday,4,Lunch,Sandwich,Choose from options,
customised,Customised Plan,custom,Custom,Template,Thursday,4,Lunch,Soup,Choose from options,
customised,Customised Plan,custom,Custom,Template,Friday,5,Dinner,Accompaniment 1,Choose from options,
customised,Customised Plan,custom,Custom,Template,Friday,5,Dinner,Accompaniment 2,Choose from options,
customised,Customised Plan,custom,Custom,Template,Friday,5,Dinner,Accompaniment 3,Choose from options,
customised,Customised Plan,custom,Custom,Template,Friday,5,Dinner,Combos,Choose from options,
customised,Customised Plan,custom,Custom,Template,Friday,5,Dinner,Dessert,Choose from options,
customised,Customised Plan,custom,Custom,Template,Friday,5,Dinner,Drinks,Choose from options,
customised,Customised Plan,custom,Custom,Template,Friday,5,Dinner,Protein,Choose from options,
customised,Customised Plan,custom,Custom,Template,Friday,5,Dinner,Salads,Choose from options,
customised,Customised Plan,custom,Custom,Template,Friday,5,Dinner,Sandwich,Choose from options,
customised,Customised Plan,custom,Custom,Template,Friday,5,Dinner,Soup,Choose from options,
customised,Customised Plan,custom,Custom,Template,Friday,5,Lunch,Accompaniment 1,Choose from options,
customised,Customised Plan,custom,Custom,Template,Friday,5,Lunch,Accompaniment 2,Choose from options,
customised,Customised Plan,custom,Custom,Template,Friday,5,Lunch,Accompaniment 3,Choose from options,
customised,Customised Plan,custom,Custom,Template,Friday,5,Lunch,Combos,Choose from options,
customised,Customised Plan,custom,Custom,Template,Friday,5,Lunch,Detox smoothies,Choose from options,
customised,Customised Plan,custom,Custom,Template,Friday,5,Lunch,Gut boosters,Choose from options,
customised,Customised Plan,custom,Custom,Template,Friday,5,Lunch,Protein,Choose from options,
customised,Customised Plan,custom,Custom,Template,Friday,5,Lunch,Salads,Choose from options,
customised,Customised Plan,custom,Custom,Template,Friday,5,Lunch,Sandwich,Choose from options,
customised,Customised Plan,custom,Custom,Template,Friday,5,Lunch,Soup,Choose from options,
customised,Customised Plan,custom,Custom,Template,Saturday,6,Dinner,Accompaniment 1,Choose from options,
customised,Customised Plan,custom,Custom,Template,Saturday,6,Dinner,Accompaniment 2,Choose from options,
customised,Customised Plan,custom,Custom,Template,Saturday,6,Dinner,Accompaniment 3,Choose from options,
customised,Customised Plan,custom,Custom,Template,Saturday,6,Dinner,Combos,Choose from options,
customised,Customised Plan,custom,Custom,Template,Saturday,6,Dinner,Dessert,Choose from options,
customised,Customised Plan,custom,Custom,Template,Saturday,6,Dinner,Drinks,Choose from options,
customised,Customised Plan,custom,Custom,Template,Saturday,6,Dinner,Protein,Choose from options,
customised,Customised Plan,custom,Custom,Template,Saturday,6,Dinner,Salads,Choose from options,
customised,Customised Plan,custom,Custom,Template,Saturday,6,Dinner,Sandwich,Choose from options,
customised,Customised Plan,custom,Custom,Template,Saturday,6,Dinner,Soup,Choose from options,
customised,Customised Plan,custom,Custom,Template,Saturday,6,Lunch,Accompaniment 1,Choose from options,
customised,Customised Plan,custom,Custom,Template,Saturday,6,Lunch,Accompaniment 2,Choose from options,
customised,Customised Plan,custom,Custom,Template,Saturday,6,Lunch,Accompaniment 3,Choose from options,
customised,Customised Plan,custom,Custom,Template,Saturday,6,Lunch,Combos,Choose from options,
customised,Customised Plan,custom,Custom,Template,Saturday,6,Lunch,Detox smoothies,Choose from options,
customised,Customised Plan,custom,Custom,Template,Saturday,6,Lunch,Gut boosters,Choose from options,
customised,Customised Plan,custom,Custom,Template,Saturday,6,Lunch,Protein,Choose from options,
customised,Customised Plan,custom,Custom,Template,Saturday,6,Lunch,Salads,Choose from options,
customised,Customised Plan,custom,Custom,Template,Saturday,6,Lunch,Sandwich,Choose from options,
customised,Customised Plan,custom,Custom,Template,Saturday,6,Lunch,Soup,Choose from options,
elite,Elite Plan,nonveg,Non-Veg,W1,Monday,1,Dinner,Accomp 1,Shirazi salad,Shirazi salad
elite,Elite Plan,nonveg,Non-Veg,W1,Monday,1,Dinner,Accomp 2,Steamed Edamame,Steamed Edamame
elite,Elite Plan,nonveg,Non-Veg,W1,Monday,1,Dinner,Accomp 3,Maple Togarashi Spiced Nuts,Maple Togarashi Spiced Nuts
elite,Elite Plan,nonveg,Non-Veg,W1,Monday,1,Dinner,Main,Ragi collagen chicken soup,Ragi collagen chicken soup
elite,Elite Plan,nonveg,Non-Veg,W1,Monday,1,Dinner,Protein,Soyu egg,Soyu egg
elite,Elite Plan,nonveg,Non-Veg,W1,Monday,1,Drink,Main,ABC Smoothie,ABC Smoothie
elite,Elite Plan,nonveg,Non-Veg,W1,Monday,1,Lunch,Accomp 1,Cut fruits,Cut fruits
elite,Elite Plan,nonveg,Non-Veg,W1,Monday,1,Lunch,Accomp 2,Roasted sweet potato,Roasted sweet potato
elite,Elite Plan,nonveg,Non-Veg,W1,Monday,1,Lunch,Accomp 3,Crunchy Nut mix,Crunchy Nut mix
elite,Elite Plan,nonveg,Non-Veg,W1,Monday,1,Lunch,Main,Mesclun Quinoa Salad,Mesclun Quinoa Salad
elite,Elite Plan,nonveg,Non-Veg,W1,Monday,1,Lunch,Protein,Herbs Marinated Chicken Breast,Herbs Marinated Chicken Breast
elite,Elite Plan,nonveg,Non-Veg,W1,Monday,1,Snack,Main,Peanut butter and banana toast,Peanut butter and banana toast
elite,Elite Plan,nonveg,Non-Veg,W1,Tuesday,2,Dinner,Accomp 1,Cut fruits,Cut fruits
elite,Elite Plan,nonveg,Non-Veg,W1,Tuesday,2,Dinner,Accomp 2,Roasted sweet potato,Roasted sweet potato
elite,Elite Plan,nonveg,Non-Veg,W1,Tuesday,2,Dinner,Accomp 3,Crunchy Nut mix,Crunchy Nut mix
elite,Elite Plan,nonveg,Non-Veg,W1,Tuesday,2,Dinner,Main,Ragi collagen chicken soup,Ragi collagen chicken soup
elite,Elite Plan,nonveg,Non-Veg,W1,Tuesday,2,Dinner,Protein,Soyu egg,Soyu egg
elite,Elite Plan,nonveg,Non-Veg,W1,Tuesday,2,Drink,Main,Mint Pineapple Spinach Smoothie,Mint Pineapple Spinach Smoothie
elite,Elite Plan,nonveg,Non-Veg,W1,Tuesday,2,Lunch,Accomp 1,Shirazi salad,Shirazi salad
elite,Elite Plan,nonveg,Non-Veg,W1,Tuesday,2,Lunch,Accomp 2,Steamed Edamame,Steamed Edamame
elite,Elite Plan,nonveg,Non-Veg,W1,Tuesday,2,Lunch,Accomp 3,Maple Togarashi Spiced Nuts,Maple Togarashi Spiced Nuts
elite,Elite Plan,nonveg,Non-Veg,W1,Tuesday,2,Lunch,Main,Sour Dough Grilled Chicken and Avocado Sandwich,Sour Dough Grilled Chicken and Avocado Sandwich
elite,Elite Plan,nonveg,Non-Veg,W1,Tuesday,2,Lunch,Protein,Herbs Marinated Chicken Breast,Herbs Marinated Chicken Breast
elite,Elite Plan,nonveg,Non-Veg,W1,Tuesday,2,Snack,Main,Chocolate Chips Oats Cookies,Chocolate Chips Oats Cookies
elite,Elite Plan,nonveg,Non-Veg,W1,Wednesday,3,Dinner,Main,Ragi Jowar Chappathi combo,Ragi Jowar Chappathi combo
elite,Elite Plan,nonveg,Non-Veg,W1,Wednesday,3,Drink,Main,Monkfruit lemonade,Monkfruit lemonade
elite,Elite Plan,nonveg,Non-Veg,W1,Wednesday,3,Lunch,Main,Pulled Chicken Caesar Salad,Pulled Chicken Caesar Salad
elite,Elite Plan,nonveg,Non-Veg,W1,Wednesday,3,Snack,Main,Greek Yogurt Granola Bowl,Greek Yogurt Granola Bowl
elite,Elite Plan,nonveg,Non-Veg,W1,Thursday,4,Dinner,Accomp 1,Cut fruits,Cut fruits
elite,Elite Plan,nonveg,Non-Veg,W1,Thursday,4,Dinner,Accomp 2,Roasted sweet potato,Roasted sweet potato
elite,Elite Plan,nonveg,Non-Veg,W1,Thursday,4,Dinner,Accomp 3,Crunchy Nut mix,Crunchy Nut mix
elite,Elite Plan,nonveg,Non-Veg,W1,Thursday,4,Dinner,Main,Ragi collagen chicken soup,Ragi collagen chicken soup
elite,Elite Plan,nonveg,Non-Veg,W1,Thursday,4,Dinner,Protein,Soyu egg,Soyu egg
elite,Elite Plan,nonveg,Non-Veg,W1,Thursday,4,Drink,Main,Masala Chaas,Masala Chaas
elite,Elite Plan,nonveg,Non-Veg,W1,Thursday,4,Lunch,Accomp 1,Shirazi salad,Shirazi salad
elite,Elite Plan,nonveg,Non-Veg,W1,Thursday,4,Lunch,Accomp 2,Steamed Edamame,Steamed Edamame
elite,Elite Plan,nonveg,Non-Veg,W1,Thursday,4,Lunch,Accomp 3,Maple Togarashi Spiced Nuts,Maple Togarashi Spiced Nuts
elite,Elite Plan,nonveg,Non-Veg,W1,Thursday,4,Lunch,Main,Furikake Avocado Toast with Jammy Eggs,Furikake Avocado Toast with Jammy Eggs
elite,Elite Plan,nonveg,Non-Veg,W1,Thursday,4,Lunch,Protein,Soyu egg,Soyu egg
elite,Elite Plan,nonveg,Non-Veg,W1,Thursday,4,Snack,Main,Protein Peanut Butter Brownie,Protein Peanut Butter Brownie
elite,Elite Plan,nonveg,Non-Veg,W1,Friday,5,Dinner,Accomp 1,Shirazi salad,Shirazi salad
elite,Elite Plan,nonveg,Non-Veg,W1,Friday,5,Dinner,Accomp 2,Steamed Edamame,Steamed Edamame
elite,Elite Plan,nonveg,Non-Veg,W1,Friday,5,Dinner,Accomp 3,Maple Togarashi Spiced Nuts,Maple Togarashi Spiced Nuts
elite,Elite Plan,nonveg,Non-Veg,W1,Friday,5,Dinner,Main,Ragi collagen chicken soup,Ragi collagen chicken soup
elite,Elite Plan,nonveg,Non-Veg,W1,Friday,5,Dinner,Protein,Soyu egg,Soyu egg
elite,Elite Plan,nonveg,Non-Veg,W1,Friday,5,Drink,Main,Pineapple Gut Booster Tepache,Pineapple Gut Booster Tepache
elite,Elite Plan,nonveg,Non-Veg,W1,Friday,5,Lunch,Main,Ragi Jowar Chappathi combo,Ragi Jowar Chappathi combo
elite,Elite Plan,nonveg,Non-Veg,W1,Friday,5,Snack,Main,Vegan Chocolate Chips Almond Oats Cookies,Vegan Chocolate Chips Almond Oats Cookies
elite,Elite Plan,nonveg,Non-Veg,W1,Saturday,6,Dinner,Main,Ragi Jowar Chappathi combo,Ragi Jowar Chappathi combo
elite,Elite Plan,nonveg,Non-Veg,W1,Saturday,6,Drink,Main,ABC Smoothie,ABC Smoothie
elite,Elite Plan,nonveg,Non-Veg,W1,Saturday,6,Lunch,Accomp 1,Shirazi salad,Shirazi salad
elite,Elite Plan,nonveg,Non-Veg,W1,Saturday,6,Lunch,Accomp 2,Steamed Edamame,Steamed Edamame
elite,Elite Plan,nonveg,Non-Veg,W1,Saturday,6,Lunch,Accomp 3,Maple Togarashi Spiced Nuts,Maple Togarashi Spiced Nuts
elite,Elite Plan,nonveg,Non-Veg,W1,Saturday,6,Lunch,Main,Sour Dough Grilled Chicken and Avocado Sandwich,Sour Dough Grilled Chicken and Avocado Sandwich
elite,Elite Plan,nonveg,Non-Veg,W1,Saturday,6,Lunch,Protein,Herbs Marinated Chicken Breast,Herbs Marinated Chicken Breast
elite,Elite Plan,nonveg,Non-Veg,W1,Saturday,6,Snack,Main,Peanut butter and banana toast,Peanut butter and banana toast
elite,Elite Plan,nonveg,Non-Veg,W2,Monday,1,Dinner,Accomp 1,Shirazi salad,Shirazi salad
elite,Elite Plan,nonveg,Non-Veg,W2,Monday,1,Dinner,Accomp 2,Steamed Edamame,Steamed Edamame
elite,Elite Plan,nonveg,Non-Veg,W2,Monday,1,Dinner,Accomp 3,Maple Togarashi Spiced Nuts,Maple Togarashi Spiced Nuts
elite,Elite Plan,nonveg,Non-Veg,W2,Monday,1,Dinner,Main,Ragi collagen chicken soup,Ragi collagen chicken soup
elite,Elite Plan,nonveg,Non-Veg,W2,Monday,1,Dinner,Protein,Soyu egg,Soyu egg
elite,Elite Plan,nonveg,Non-Veg,W2,Monday,1,Drink,Main,ABC Smoothie,ABC Smoothie
elite,Elite Plan,nonveg,Non-Veg,W2,Monday,1,Lunch,Accomp 1,Cut fruits,Cut fruits
elite,Elite Plan,nonveg,Non-Veg,W2,Monday,1,Lunch,Accomp 2,Roasted sweet potato,Roasted sweet potato
elite,Elite Plan,nonveg,Non-Veg,W2,Monday,1,Lunch,Accomp 3,Crunchy Nut mix,Crunchy Nut mix
elite,Elite Plan,nonveg,Non-Veg,W2,Monday,1,Lunch,Main,Mesclun Quinoa Salad,Mesclun Quinoa Salad
elite,Elite Plan,nonveg,Non-Veg,W2,Monday,1,Lunch,Protein,Herbs Marinated Chicken Breast,Herbs Marinated Chicken Breast
elite,Elite Plan,nonveg,Non-Veg,W2,Monday,1,Snack,Main,Peanut butter and banana toast,Peanut butter and banana toast
elite,Elite Plan,nonveg,Non-Veg,W2,Tuesday,2,Dinner,Accomp 1,Cut fruits,Cut fruits
elite,Elite Plan,nonveg,Non-Veg,W2,Tuesday,2,Dinner,Accomp 2,Roasted sweet potato,Roasted sweet potato
elite,Elite Plan,nonveg,Non-Veg,W2,Tuesday,2,Dinner,Accomp 3,Crunchy Nut mix,Crunchy Nut mix
elite,Elite Plan,nonveg,Non-Veg,W2,Tuesday,2,Dinner,Main,Ragi collagen chicken soup,Ragi collagen chicken soup
elite,Elite Plan,nonveg,Non-Veg,W2,Tuesday,2,Dinner,Protein,Soyu egg,Soyu egg
elite,Elite Plan,nonveg,Non-Veg,W2,Tuesday,2,Drink,Main,Mint Pineapple Spinach Smoothie,Mint Pineapple Spinach Smoothie
elite,Elite Plan,nonveg,Non-Veg,W2,Tuesday,2,Lunch,Accomp 1,Shirazi salad,Shirazi salad
elite,Elite Plan,nonveg,Non-Veg,W2,Tuesday,2,Lunch,Accomp 2,Steamed Edamame,Steamed Edamame
elite,Elite Plan,nonveg,Non-Veg,W2,Tuesday,2,Lunch,Accomp 3,Maple Togarashi Spiced Nuts,Maple Togarashi Spiced Nuts
elite,Elite Plan,nonveg,Non-Veg,W2,Tuesday,2,Lunch,Main,Sour Dough Grilled Chicken and Avocado Sandwich,Sour Dough Grilled Chicken and Avocado Sandwich
elite,Elite Plan,nonveg,Non-Veg,W2,Tuesday,2,Lunch,Protein,Herbs Marinated Chicken Breast,Herbs Marinated Chicken Breast
elite,Elite Plan,nonveg,Non-Veg,W2,Tuesday,2,Snack,Main,Chocolate Chips Oats Cookies,Chocolate Chips Oats Cookies
elite,Elite Plan,nonveg,Non-Veg,W2,Wednesday,3,Dinner,Main,Ragi Jowar Chappathi combo,Ragi Jowar Chappathi combo
elite,Elite Plan,nonveg,Non-Veg,W2,Wednesday,3,Drink,Main,Monkfruit lemonade,Monkfruit lemonade
elite,Elite Plan,nonveg,Non-Veg,W2,Wednesday,3,Lunch,Main,Pulled Chicken Caesar Salad,Pulled Chicken Caesar Salad
elite,Elite Plan,nonveg,Non-Veg,W2,Wednesday,3,Snack,Main,Greek Yogurt Granola Bowl,Greek Yogurt Granola Bowl
elite,Elite Plan,nonveg,Non-Veg,W2,Thursday,4,Dinner,Accomp 1,Cut fruits,Cut fruits
elite,Elite Plan,nonveg,Non-Veg,W2,Thursday,4,Dinner,Accomp 2,Roasted sweet potato,Roasted sweet potato
elite,Elite Plan,nonveg,Non-Veg,W2,Thursday,4,Dinner,Accomp 3,Crunchy Nut mix,Crunchy Nut mix
elite,Elite Plan,nonveg,Non-Veg,W2,Thursday,4,Dinner,Main,Ragi collagen chicken soup,Ragi collagen chicken soup
elite,Elite Plan,nonveg,Non-Veg,W2,Thursday,4,Dinner,Protein,Soyu egg,Soyu egg
elite,Elite Plan,nonveg,Non-Veg,W2,Thursday,4,Drink,Main,Masala Chaas,Masala Chaas
elite,Elite Plan,nonveg,Non-Veg,W2,Thursday,4,Lunch,Accomp 1,Shirazi salad,Shirazi salad
elite,Elite Plan,nonveg,Non-Veg,W2,Thursday,4,Lunch,Accomp 2,Steamed Edamame,Steamed Edamame
elite,Elite Plan,nonveg,Non-Veg,W2,Thursday,4,Lunch,Accomp 3,Maple Togarashi Spiced Nuts,Maple Togarashi Spiced Nuts
elite,Elite Plan,nonveg,Non-Veg,W2,Thursday,4,Lunch,Main,Furikake Avocado Toast with Jammy Eggs,Furikake Avocado Toast with Jammy Eggs
elite,Elite Plan,nonveg,Non-Veg,W2,Thursday,4,Lunch,Protein,Soyu egg,Soyu egg
elite,Elite Plan,nonveg,Non-Veg,W2,Thursday,4,Snack,Main,Protein Peanut Butter Brownie,Protein Peanut Butter Brownie
elite,Elite Plan,nonveg,Non-Veg,W2,Friday,5,Dinner,Accomp 1,Shirazi salad,Shirazi salad
elite,Elite Plan,nonveg,Non-Veg,W2,Friday,5,Dinner,Accomp 2,Steamed Edamame,Steamed Edamame
elite,Elite Plan,nonveg,Non-Veg,W2,Friday,5,Dinner,Accomp 3,Maple Togarashi Spiced Nuts,Maple Togarashi Spiced Nuts
elite,Elite Plan,nonveg,Non-Veg,W2,Friday,5,Dinner,Main,Ragi collagen chicken soup,Ragi collagen chicken soup
elite,Elite Plan,nonveg,Non-Veg,W2,Friday,5,Dinner,Protein,Soyu egg,Soyu egg
elite,Elite Plan,nonveg,Non-Veg,W2,Friday,5,Drink,Main,Pineapple Gut Booster Tepache,Pineapple Gut Booster Tepache
elite,Elite Plan,nonveg,Non-Veg,W2,Friday,5,Lunch,Main,Ragi Jowar Chappathi combo,Ragi Jowar Chappathi combo
elite,Elite Plan,nonveg,Non-Veg,W2,Friday,5,Snack,Main,Vegan Chocolate Chips Almond Oats Cookies,Vegan Chocolate Chips Almond Oats Cookies
elite,Elite Plan,nonveg,Non-Veg,W2,Saturday,6,Dinner,Main,Ragi Jowar Chappathi combo,Ragi Jowar Chappathi combo
elite,Elite Plan,nonveg,Non-Veg,W2,Saturday,6,Drink,Main,ABC Smoothie,ABC Smoothie
elite,Elite Plan,nonveg,Non-Veg,W2,Saturday,6,Lunch,Accomp 1,Shirazi salad,Shirazi salad
elite,Elite Plan,nonveg,Non-Veg,W2,Saturday,6,Lunch,Accomp 2,Steamed Edamame,Steamed Edamame
elite,Elite Plan,nonveg,Non-Veg,W2,Saturday,6,Lunch,Accomp 3,Maple Togarashi Spiced Nuts,Maple Togarashi Spiced Nuts
elite,Elite Plan,nonveg,Non-Veg,W2,Saturday,6,Lunch,Main,Sour Dough Grilled Chicken and Avocado Sandwich,Sour Dough Grilled Chicken and Avocado Sandwich
elite,Elite Plan,nonveg,Non-Veg,W2,Saturday,6,Lunch,Protein,Herbs Marinated Chicken Breast,Herbs Marinated Chicken Breast
elite,Elite Plan,nonveg,Non-Veg,W2,Saturday,6,Snack,Main,Peanut butter and banana toast,Peanut butter and banana toast
elite,Elite Plan,nonveg,Non-Veg,W3,Monday,1,Dinner,Accomp 1,Shirazi salad,Shirazi salad
elite,Elite Plan,nonveg,Non-Veg,W3,Monday,1,Dinner,Accomp 2,Steamed Edamame,Steamed Edamame
elite,Elite Plan,nonveg,Non-Veg,W3,Monday,1,Dinner,Accomp 3,Maple Togarashi Spiced Nuts,Maple Togarashi Spiced Nuts
elite,Elite Plan,nonveg,Non-Veg,W3,Monday,1,Dinner,Main,Ragi collagen chicken soup,Ragi collagen chicken soup
elite,Elite Plan,nonveg,Non-Veg,W3,Monday,1,Dinner,Protein,Soyu egg,Soyu egg
elite,Elite Plan,nonveg,Non-Veg,W3,Monday,1,Drink,Main,ABC Smoothie,ABC Smoothie
elite,Elite Plan,nonveg,Non-Veg,W3,Monday,1,Lunch,Accomp 1,Cut fruits,Cut fruits
elite,Elite Plan,nonveg,Non-Veg,W3,Monday,1,Lunch,Accomp 2,Roasted sweet potato,Roasted sweet potato
elite,Elite Plan,nonveg,Non-Veg,W3,Monday,1,Lunch,Accomp 3,Crunchy Nut mix,Crunchy Nut mix
elite,Elite Plan,nonveg,Non-Veg,W3,Monday,1,Lunch,Main,Mesclun Quinoa Salad,Mesclun Quinoa Salad
elite,Elite Plan,nonveg,Non-Veg,W3,Monday,1,Lunch,Protein,Herbs Marinated Chicken Breast,Herbs Marinated Chicken Breast
elite,Elite Plan,nonveg,Non-Veg,W3,Monday,1,Snack,Main,Peanut butter and banana toast,Peanut butter and banana toast
elite,Elite Plan,nonveg,Non-Veg,W3,Tuesday,2,Dinner,Accomp 1,Cut fruits,Cut fruits
elite,Elite Plan,nonveg,Non-Veg,W3,Tuesday,2,Dinner,Accomp 2,Roasted sweet potato,Roasted sweet potato
elite,Elite Plan,nonveg,Non-Veg,W3,Tuesday,2,Dinner,Accomp 3,Crunchy Nut mix,Crunchy Nut mix
elite,Elite Plan,nonveg,Non-Veg,W3,Tuesday,2,Dinner,Main,Ragi collagen chicken soup,Ragi collagen chicken soup
elite,Elite Plan,nonveg,Non-Veg,W3,Tuesday,2,Dinner,Protein,Soyu egg,Soyu egg
elite,Elite Plan,nonveg,Non-Veg,W3,Tuesday,2,Drink,Main,Mint Pineapple Spinach Smoothie,Mint Pineapple Spinach Smoothie
elite,Elite Plan,nonveg,Non-Veg,W3,Tuesday,2,Lunch,Accomp 1,Shirazi salad,Shirazi salad
elite,Elite Plan,nonveg,Non-Veg,W3,Tuesday,2,Lunch,Accomp 2,Steamed Edamame,Steamed Edamame
elite,Elite Plan,nonveg,Non-Veg,W3,Tuesday,2,Lunch,Accomp 3,Maple Togarashi Spiced Nuts,Maple Togarashi Spiced Nuts
elite,Elite Plan,nonveg,Non-Veg,W3,Tuesday,2,Lunch,Main,Sour Dough Grilled Chicken and Avocado Sandwich,Sour Dough Grilled Chicken and Avocado Sandwich
elite,Elite Plan,nonveg,Non-Veg,W3,Tuesday,2,Lunch,Protein,Herbs Marinated Chicken Breast,Herbs Marinated Chicken Breast
elite,Elite Plan,nonveg,Non-Veg,W3,Tuesday,2,Snack,Main,Chocolate Chips Oats Cookies,Chocolate Chips Oats Cookies
elite,Elite Plan,nonveg,Non-Veg,W3,Wednesday,3,Dinner,Main,Ragi Jowar Chappathi combo,Ragi Jowar Chappathi combo
elite,Elite Plan,nonveg,Non-Veg,W3,Wednesday,3,Drink,Main,Monkfruit lemonade,Monkfruit lemonade
elite,Elite Plan,nonveg,Non-Veg,W3,Wednesday,3,Lunch,Main,Pulled Chicken Caesar Salad,Pulled Chicken Caesar Salad
elite,Elite Plan,nonveg,Non-Veg,W3,Wednesday,3,Snack,Main,Greek Yogurt Granola Bowl,Greek Yogurt Granola Bowl
elite,Elite Plan,nonveg,Non-Veg,W3,Thursday,4,Dinner,Accomp 1,Cut fruits,Cut fruits
elite,Elite Plan,nonveg,Non-Veg,W3,Thursday,4,Dinner,Accomp 2,Roasted sweet potato,Roasted sweet potato
elite,Elite Plan,nonveg,Non-Veg,W3,Thursday,4,Dinner,Accomp 3,Crunchy Nut mix,Crunchy Nut mix
elite,Elite Plan,nonveg,Non-Veg,W3,Thursday,4,Dinner,Main,Ragi collagen chicken soup,Ragi collagen chicken soup
elite,Elite Plan,nonveg,Non-Veg,W3,Thursday,4,Dinner,Protein,Soyu egg,Soyu egg
elite,Elite Plan,nonveg,Non-Veg,W3,Thursday,4,Drink,Main,Masala Chaas,Masala Chaas
elite,Elite Plan,nonveg,Non-Veg,W3,Thursday,4,Lunch,Accomp 1,Shirazi salad,Shirazi salad
elite,Elite Plan,nonveg,Non-Veg,W3,Thursday,4,Lunch,Accomp 2,Steamed Edamame,Steamed Edamame
elite,Elite Plan,nonveg,Non-Veg,W3,Thursday,4,Lunch,Accomp 3,Maple Togarashi Spiced Nuts,Maple Togarashi Spiced Nuts
elite,Elite Plan,nonveg,Non-Veg,W3,Thursday,4,Lunch,Main,Furikake Avocado Toast with Jammy Eggs,Furikake Avocado Toast with Jammy Eggs
elite,Elite Plan,nonveg,Non-Veg,W3,Thursday,4,Lunch,Protein,Soyu egg,Soyu egg
elite,Elite Plan,nonveg,Non-Veg,W3,Thursday,4,Snack,Main,Protein Peanut Butter Brownie,Protein Peanut Butter Brownie
elite,Elite Plan,nonveg,Non-Veg,W3,Friday,5,Dinner,Accomp 1,Shirazi salad,Shirazi salad
elite,Elite Plan,nonveg,Non-Veg,W3,Friday,5,Dinner,Accomp 2,Steamed Edamame,Steamed Edamame
elite,Elite Plan,nonveg,Non-Veg,W3,Friday,5,Dinner,Accomp 3,Maple Togarashi Spiced Nuts,Maple Togarashi Spiced Nuts
elite,Elite Plan,nonveg,Non-Veg,W3,Friday,5,Dinner,Main,Ragi collagen chicken soup,Ragi collagen chicken soup
elite,Elite Plan,nonveg,Non-Veg,W3,Friday,5,Dinner,Protein,Soyu egg,Soyu egg
elite,Elite Plan,nonveg,Non-Veg,W3,Friday,5,Drink,Main,Pineapple Gut Booster Tepache,Pineapple Gut Booster Tepache
elite,Elite Plan,nonveg,Non-Veg,W3,Friday,5,Lunch,Main,Ragi Jowar Chappathi combo,Ragi Jowar Chappathi combo
elite,Elite Plan,nonveg,Non-Veg,W3,Friday,5,Snack,Main,Vegan Chocolate Chips Almond Oats Cookies,Vegan Chocolate Chips Almond Oats Cookies
elite,Elite Plan,nonveg,Non-Veg,W3,Saturday,6,Dinner,Main,Ragi Jowar Chappathi combo,Ragi Jowar Chappathi combo
elite,Elite Plan,nonveg,Non-Veg,W3,Saturday,6,Drink,Main,ABC Smoothie,ABC Smoothie
elite,Elite Plan,nonveg,Non-Veg,W3,Saturday,6,Lunch,Accomp 1,Shirazi salad,Shirazi salad
elite,Elite Plan,nonveg,Non-Veg,W3,Saturday,6,Lunch,Accomp 2,Steamed Edamame,Steamed Edamame
elite,Elite Plan,nonveg,Non-Veg,W3,Saturday,6,Lunch,Accomp 3,Maple Togarashi Spiced Nuts,Maple Togarashi Spiced Nuts
elite,Elite Plan,nonveg,Non-Veg,W3,Saturday,6,Lunch,Main,Sour Dough Grilled Chicken and Avocado Sandwich,Sour Dough Grilled Chicken and Avocado Sandwich
elite,Elite Plan,nonveg,Non-Veg,W3,Saturday,6,Lunch,Protein,Herbs Marinated Chicken Breast,Herbs Marinated Chicken Breast
elite,Elite Plan,nonveg,Non-Veg,W3,Saturday,6,Snack,Main,Peanut butter and banana toast,Peanut butter and banana toast
elite,Elite Plan,nonveg,Non-Veg,W4,Monday,1,Dinner,Accomp 1,Shirazi salad,Shirazi salad
elite,Elite Plan,nonveg,Non-Veg,W4,Monday,1,Dinner,Accomp 2,Steamed Edamame,Steamed Edamame
elite,Elite Plan,nonveg,Non-Veg,W4,Monday,1,Dinner,Accomp 3,Maple Togarashi Spiced Nuts,Maple Togarashi Spiced Nuts
elite,Elite Plan,nonveg,Non-Veg,W4,Monday,1,Dinner,Main,Ragi collagen chicken soup,Ragi collagen chicken soup
elite,Elite Plan,nonveg,Non-Veg,W4,Monday,1,Dinner,Protein,Soyu egg,Soyu egg
elite,Elite Plan,nonveg,Non-Veg,W4,Monday,1,Drink,Main,ABC Smoothie,ABC Smoothie
elite,Elite Plan,nonveg,Non-Veg,W4,Monday,1,Lunch,Accomp 1,Cut fruits,Cut fruits
elite,Elite Plan,nonveg,Non-Veg,W4,Monday,1,Lunch,Accomp 2,Roasted sweet potato,Roasted sweet potato
elite,Elite Plan,nonveg,Non-Veg,W4,Monday,1,Lunch,Accomp 3,Crunchy Nut mix,Crunchy Nut mix
elite,Elite Plan,nonveg,Non-Veg,W4,Monday,1,Lunch,Main,Mesclun Quinoa Salad,Mesclun Quinoa Salad
elite,Elite Plan,nonveg,Non-Veg,W4,Monday,1,Lunch,Protein,Herbs Marinated Chicken Breast,Herbs Marinated Chicken Breast
elite,Elite Plan,nonveg,Non-Veg,W4,Monday,1,Snack,Main,Peanut butter and banana toast,Peanut butter and banana toast
elite,Elite Plan,nonveg,Non-Veg,W4,Tuesday,2,Dinner,Accomp 1,Cut fruits,Cut fruits
elite,Elite Plan,nonveg,Non-Veg,W4,Tuesday,2,Dinner,Accomp 2,Roasted sweet potato,Roasted sweet potato
elite,Elite Plan,nonveg,Non-Veg,W4,Tuesday,2,Dinner,Accomp 3,Crunchy Nut mix,Crunchy Nut mix
elite,Elite Plan,nonveg,Non-Veg,W4,Tuesday,2,Dinner,Main,Ragi collagen chicken soup,Ragi collagen chicken soup
elite,Elite Plan,nonveg,Non-Veg,W4,Tuesday,2,Dinner,Protein,Soyu egg,Soyu egg
elite,Elite Plan,nonveg,Non-Veg,W4,Tuesday,2,Drink,Main,Mint Pineapple Spinach Smoothie,Mint Pineapple Spinach Smoothie
elite,Elite Plan,nonveg,Non-Veg,W4,Tuesday,2,Lunch,Accomp 1,Shirazi salad,Shirazi salad
elite,Elite Plan,nonveg,Non-Veg,W4,Tuesday,2,Lunch,Accomp 2,Steamed Edamame,Steamed Edamame
elite,Elite Plan,nonveg,Non-Veg,W4,Tuesday,2,Lunch,Accomp 3,Maple Togarashi Spiced Nuts,Maple Togarashi Spiced Nuts
elite,Elite Plan,nonveg,Non-Veg,W4,Tuesday,2,Lunch,Main,Sour Dough Grilled Chicken and Avocado Sandwich,Sour Dough Grilled Chicken and Avocado Sandwich
elite,Elite Plan,nonveg,Non-Veg,W4,Tuesday,2,Lunch,Protein,Herbs Marinated Chicken Breast,Herbs Marinated Chicken Breast
elite,Elite Plan,nonveg,Non-Veg,W4,Tuesday,2,Snack,Main,Chocolate Chips Oats Cookies,Chocolate Chips Oats Cookies
elite,Elite Plan,nonveg,Non-Veg,W4,Wednesday,3,Dinner,Main,Ragi Jowar Chappathi combo,Ragi Jowar Chappathi combo
elite,Elite Plan,nonveg,Non-Veg,W4,Wednesday,3,Drink,Main,Monkfruit lemonade,Monkfruit lemonade
elite,Elite Plan,nonveg,Non-Veg,W4,Wednesday,3,Lunch,Main,Pulled Chicken Caesar Salad,Pulled Chicken Caesar Salad
elite,Elite Plan,nonveg,Non-Veg,W4,Wednesday,3,Snack,Main,Greek Yogurt Granola Bowl,Greek Yogurt Granola Bowl
elite,Elite Plan,nonveg,Non-Veg,W4,Thursday,4,Dinner,Accomp 1,Cut fruits,Cut fruits
elite,Elite Plan,nonveg,Non-Veg,W4,Thursday,4,Dinner,Accomp 2,Roasted sweet potato,Roasted sweet potato
elite,Elite Plan,nonveg,Non-Veg,W4,Thursday,4,Dinner,Accomp 3,Crunchy Nut mix,Crunchy Nut mix
elite,Elite Plan,nonveg,Non-Veg,W4,Thursday,4,Dinner,Main,Ragi collagen chicken soup,Ragi collagen chicken soup
elite,Elite Plan,nonveg,Non-Veg,W4,Thursday,4,Dinner,Protein,Soyu egg,Soyu egg
elite,Elite Plan,nonveg,Non-Veg,W4,Thursday,4,Drink,Main,Masala Chaas,Masala Chaas
elite,Elite Plan,nonveg,Non-Veg,W4,Thursday,4,Lunch,Accomp 1,Shirazi salad,Shirazi salad
elite,Elite Plan,nonveg,Non-Veg,W4,Thursday,4,Lunch,Accomp 2,Steamed Edamame,Steamed Edamame
elite,Elite Plan,nonveg,Non-Veg,W4,Thursday,4,Lunch,Accomp 3,Maple Togarashi Spiced Nuts,Maple Togarashi Spiced Nuts
elite,Elite Plan,nonveg,Non-Veg,W4,Thursday,4,Lunch,Main,Furikake Avocado Toast with Jammy Eggs,Furikake Avocado Toast with Jammy Eggs
elite,Elite Plan,nonveg,Non-Veg,W4,Thursday,4,Lunch,Protein,Soyu egg,Soyu egg
elite,Elite Plan,nonveg,Non-Veg,W4,Thursday,4,Snack,Main,Protein Peanut Butter Brownie,Protein Peanut Butter Brownie
elite,Elite Plan,nonveg,Non-Veg,W4,Friday,5,Dinner,Accomp 1,Shirazi salad,Shirazi salad
elite,Elite Plan,nonveg,Non-Veg,W4,Friday,5,Dinner,Accomp 2,Steamed Edamame,Steamed Edamame
elite,Elite Plan,nonveg,Non-Veg,W4,Friday,5,Dinner,Accomp 3,Maple Togarashi Spiced Nuts,Maple Togarashi Spiced Nuts
elite,Elite Plan,nonveg,Non-Veg,W4,Friday,5,Dinner,Main,Ragi collagen chicken soup,Ragi collagen chicken soup
elite,Elite Plan,nonveg,Non-Veg,W4,Friday,5,Dinner,Protein,Soyu egg,Soyu egg
elite,Elite Plan,nonveg,Non-Veg,W4,Friday,5,Drink,Main,Pineapple Gut Booster Tepache,Pineapple Gut Booster Tepache
elite,Elite Plan,nonveg,Non-Veg,W4,Friday,5,Lunch,Main,Ragi Jowar Chappathi combo,Ragi Jowar Chappathi combo
elite,Elite Plan,nonveg,Non-Veg,W4,Friday,5,Snack,Main,Vegan Chocolate Chips Almond Oats Cookies,Vegan Chocolate Chips Almond Oats Cookies
elite,Elite Plan,nonveg,Non-Veg,W4,Saturday,6,Dinner,Main,Ragi Jowar Chappathi combo,Ragi Jowar Chappathi combo
elite,Elite Plan,nonveg,Non-Veg,W4,Saturday,6,Drink,Main,ABC Smoothie,ABC Smoothie
elite,Elite Plan,nonveg,Non-Veg,W4,Saturday,6,Lunch,Accomp 1,Shirazi salad,Shirazi salad
elite,Elite Plan,nonveg,Non-Veg,W4,Saturday,6,Lunch,Accomp 2,Steamed Edamame,Steamed Edamame
elite,Elite Plan,nonveg,Non-Veg,W4,Saturday,6,Lunch,Accomp 3,Maple Togarashi Spiced Nuts,Maple Togarashi Spiced Nuts
elite,Elite Plan,nonveg,Non-Veg,W4,Saturday,6,Lunch,Main,Sour Dough Grilled Chicken and Avocado Sandwich,Sour Dough Grilled Chicken and Avocado Sandwich
elite,Elite Plan,nonveg,Non-Veg,W4,Saturday,6,Lunch,Protein,Herbs Marinated Chicken Breast,Herbs Marinated Chicken Breast
elite,Elite Plan,nonveg,Non-Veg,W4,Saturday,6,Snack,Main,Peanut butter and banana toast,Peanut butter and banana toast
elite,Elite Plan,veg,Veg,W1,Monday,1,Dinner,Accomp 1,Shirazi salad,Shirazi salad
elite,Elite Plan,veg,Veg,W1,Monday,1,Dinner,Accomp 2,Steamed Edamame,Steamed Edamame
elite,Elite Plan,veg,Veg,W1,Monday,1,Dinner,Accomp 3,Maple Togarashi Spiced Nuts,Maple Togarashi Spiced Nuts
elite,Elite Plan,veg,Veg,W1,Monday,1,Dinner,Main,Vegetable millet broth,Vegetable millet broth
elite,Elite Plan,veg,Veg,W1,Monday,1,Dinner,Protein,Paneer grilled,Paneer grilled
elite,Elite Plan,veg,Veg,W1,Monday,1,Drink,Main,ABC Smoothie,ABC Smoothie
elite,Elite Plan,veg,Veg,W1,Monday,1,Lunch,Accomp 1,Cut fruits,Cut fruits
elite,Elite Plan,veg,Veg,W1,Monday,1,Lunch,Accomp 2,Roasted sweet potato,Roasted sweet potato
elite,Elite Plan,veg,Veg,W1,Monday,1,Lunch,Accomp 3,Crunchy Nut mix,Crunchy Nut mix
elite,Elite Plan,veg,Veg,W1,Monday,1,Lunch,Main,Mesclun Quinoa Salad,Mesclun Quinoa Salad
elite,Elite Plan,veg,Veg,W1,Monday,1,Lunch,Protein,Paneer grilled,Paneer grilled
elite,Elite Plan,veg,Veg,W1,Monday,1,Snack,Main,Peanut butter and banana toast,Peanut butter and banana toast
elite,Elite Plan,veg,Veg,W1,Tuesday,2,Dinner,Accomp 1,Cut fruits,Cut fruits
elite,Elite Plan,veg,Veg,W1,Tuesday,2,Dinner,Accomp 2,Roasted sweet potato,Roasted sweet potato
elite,Elite Plan,veg,Veg,W1,Tuesday,2,Dinner,Accomp 3,Crunchy Nut mix,Crunchy Nut mix
elite,Elite Plan,veg,Veg,W1,Tuesday,2,Dinner,Main,Vegetable millet broth,Vegetable millet broth
elite,Elite Plan,veg,Veg,W1,Tuesday,2,Dinner,Protein,Paneer grilled,Paneer grilled
elite,Elite Plan,veg,Veg,W1,Tuesday,2,Drink,Main,Mint Pineapple Spinach Smoothie,Mint Pineapple Spinach Smoothie
elite,Elite Plan,veg,Veg,W1,Tuesday,2,Lunch,Accomp 1,Shirazi salad,Shirazi salad
elite,Elite Plan,veg,Veg,W1,Tuesday,2,Lunch,Accomp 2,Steamed Edamame,Steamed Edamame
elite,Elite Plan,veg,Veg,W1,Tuesday,2,Lunch,Accomp 3,Maple Togarashi Spiced Nuts,Maple Togarashi Spiced Nuts
elite,Elite Plan,veg,Veg,W1,Tuesday,2,Lunch,Main,French Onion Grilled Cheese,French Onion Grilled Cheese
elite,Elite Plan,veg,Veg,W1,Tuesday,2,Lunch,Protein,Paneer grilled,Paneer grilled
elite,Elite Plan,veg,Veg,W1,Tuesday,2,Snack,Main,Chocolate Chips Oats Cookies,Chocolate Chips Oats Cookies
elite,Elite Plan,veg,Veg,W1,Wednesday,3,Dinner,Main,Ragi Jowar Chappathi combo,Ragi Jowar Chappathi combo
elite,Elite Plan,veg,Veg,W1,Wednesday,3,Drink,Main,Monkfruit lemonade,Monkfruit lemonade
elite,Elite Plan,veg,Veg,W1,Wednesday,3,Lunch,Accomp 1,Cut fruits,Cut fruits
elite,Elite Plan,veg,Veg,W1,Wednesday,3,Lunch,Accomp 2,Roasted sweet potato,Roasted sweet potato
elite,Elite Plan,veg,Veg,W1,Wednesday,3,Lunch,Accomp 3,Crunchy Nut mix,Crunchy Nut mix
elite,Elite Plan,veg,Veg,W1,Wednesday,3,Lunch,Main,Yuzu Corn Salad,Yuzu Corn Salad
elite,Elite Plan,veg,Veg,W1,Wednesday,3,Lunch,Protein,Paneer grilled,Paneer grilled
elite,Elite Plan,veg,Veg,W1,Wednesday,3,Snack,Main,Greek Yogurt Granola Bowl,Greek Yogurt Granola Bowl
elite,Elite Plan,veg,Veg,W1,Thursday,4,Dinner,Accomp 1,Cut fruits,Cut fruits
elite,Elite Plan,veg,Veg,W1,Thursday,4,Dinner,Accomp 2,Roasted sweet potato,Roasted sweet potato
elite,Elite Plan,veg,Veg,W1,Thursday,4,Dinner,Accomp 3,Crunchy Nut mix,Crunchy Nut mix
elite,Elite Plan,veg,Veg,W1,Thursday,4,Dinner,Main,Vegetable millet broth,Vegetable millet broth
elite,Elite Plan,veg,Veg,W1,Thursday,4,Dinner,Protein,Paneer grilled,Paneer grilled
elite,Elite Plan,veg,Veg,W1,Thursday,4,Drink,Main,Masala Chaas,Masala Chaas
elite,Elite Plan,veg,Veg,W1,Thursday,4,Lunch,Accomp 1,Shirazi salad,Shirazi salad
elite,Elite Plan,veg,Veg,W1,Thursday,4,Lunch,Accomp 2,Steamed Edamame,Steamed Edamame
elite,Elite Plan,veg,Veg,W1,Thursday,4,Lunch,Accomp 3,Maple Togarashi Spiced Nuts,Maple Togarashi Spiced Nuts
elite,Elite Plan,veg,Veg,W1,Thursday,4,Lunch,Main,Furikake Avocado Toast with Jammy Eggs,Furikake Avocado Toast with Jammy Eggs
elite,Elite Plan,veg,Veg,W1,Thursday,4,Lunch,Protein,Soyu egg,Soyu egg
elite,Elite Plan,veg,Veg,W1,Thursday,4,Snack,Main,Protein Peanut Butter Brownie,Protein Peanut Butter Brownie
elite,Elite Plan,veg,Veg,W1,Friday,5,Dinner,Accomp 1,Shirazi salad,Shirazi salad
elite,Elite Plan,veg,Veg,W1,Friday,5,Dinner,Accomp 2,Steamed Edamame,Steamed Edamame
elite,Elite Plan,veg,Veg,W1,Friday,5,Dinner,Accomp 3,Maple Togarashi Spiced Nuts,Maple Togarashi Spiced Nuts
elite,Elite Plan,veg,Veg,W1,Friday,5,Dinner,Main,Vegetable millet broth,Vegetable millet broth
elite,Elite Plan,veg,Veg,W1,Friday,5,Dinner,Protein,Paneer grilled,Paneer grilled
elite,Elite Plan,veg,Veg,W1,Friday,5,Drink,Main,Pineapple Gut Booster Tepache,Pineapple Gut Booster Tepache
elite,Elite Plan,veg,Veg,W1,Friday,5,Lunch,Main,Ragi Jowar Chappathi combo,Ragi Jowar Chappathi combo
elite,Elite Plan,veg,Veg,W1,Friday,5,Snack,Main,Vegan Chocolate Chips Almond Oats Cookies,Vegan Chocolate Chips Almond Oats Cookies
elite,Elite Plan,veg,Veg,W1,Saturday,6,Dinner,Main,Ragi Jowar Chappathi combo,Ragi Jowar Chappathi combo
elite,Elite Plan,veg,Veg,W1,Saturday,6,Drink,Main,ABC Smoothie,ABC Smoothie
elite,Elite Plan,veg,Veg,W1,Saturday,6,Lunch,Accomp 1,Shirazi salad,Shirazi salad
elite,Elite Plan,veg,Veg,W1,Saturday,6,Lunch,Accomp 2,Steamed Edamame,Steamed Edamame
elite,Elite Plan,veg,Veg,W1,Saturday,6,Lunch,Accomp 3,Maple Togarashi Spiced Nuts,Maple Togarashi Spiced Nuts
elite,Elite Plan,veg,Veg,W1,Saturday,6,Lunch,Main,Mesclun Quinoa Salad,Mesclun Quinoa Salad
elite,Elite Plan,veg,Veg,W1,Saturday,6,Lunch,Protein,Paneer grilled,Paneer grilled
elite,Elite Plan,veg,Veg,W1,Saturday,6,Snack,Main,Peanut butter and banana toast,Peanut butter and banana toast
elite,Elite Plan,veg,Veg,W2,Monday,1,Dinner,Accomp 1,Shirazi salad,Shirazi salad
elite,Elite Plan,veg,Veg,W2,Monday,1,Dinner,Accomp 2,Steamed Edamame,Steamed Edamame
elite,Elite Plan,veg,Veg,W2,Monday,1,Dinner,Accomp 3,Maple Togarashi Spiced Nuts,Maple Togarashi Spiced Nuts
elite,Elite Plan,veg,Veg,W2,Monday,1,Dinner,Main,Vegetable millet broth,Vegetable millet broth
elite,Elite Plan,veg,Veg,W2,Monday,1,Dinner,Protein,Paneer grilled,Paneer grilled
elite,Elite Plan,veg,Veg,W2,Monday,1,Drink,Main,ABC Smoothie,ABC Smoothie
elite,Elite Plan,veg,Veg,W2,Monday,1,Lunch,Accomp 1,Cut fruits,Cut fruits
elite,Elite Plan,veg,Veg,W2,Monday,1,Lunch,Accomp 2,Roasted sweet potato,Roasted sweet potato
elite,Elite Plan,veg,Veg,W2,Monday,1,Lunch,Accomp 3,Crunchy Nut mix,Crunchy Nut mix
elite,Elite Plan,veg,Veg,W2,Monday,1,Lunch,Main,Mesclun Quinoa Salad,Mesclun Quinoa Salad
elite,Elite Plan,veg,Veg,W2,Monday,1,Lunch,Protein,Paneer grilled,Paneer grilled
elite,Elite Plan,veg,Veg,W2,Monday,1,Snack,Main,Peanut butter and banana toast,Peanut butter and banana toast
elite,Elite Plan,veg,Veg,W2,Tuesday,2,Dinner,Accomp 1,Cut fruits,Cut fruits
elite,Elite Plan,veg,Veg,W2,Tuesday,2,Dinner,Accomp 2,Roasted sweet potato,Roasted sweet potato
elite,Elite Plan,veg,Veg,W2,Tuesday,2,Dinner,Accomp 3,Crunchy Nut mix,Crunchy Nut mix
elite,Elite Plan,veg,Veg,W2,Tuesday,2,Dinner,Main,Vegetable millet broth,Vegetable millet broth
elite,Elite Plan,veg,Veg,W2,Tuesday,2,Dinner,Protein,Paneer grilled,Paneer grilled
elite,Elite Plan,veg,Veg,W2,Tuesday,2,Drink,Main,Mint Pineapple Spinach Smoothie,Mint Pineapple Spinach Smoothie
elite,Elite Plan,veg,Veg,W2,Tuesday,2,Lunch,Accomp 1,Shirazi salad,Shirazi salad
elite,Elite Plan,veg,Veg,W2,Tuesday,2,Lunch,Accomp 2,Steamed Edamame,Steamed Edamame
elite,Elite Plan,veg,Veg,W2,Tuesday,2,Lunch,Accomp 3,Maple Togarashi Spiced Nuts,Maple Togarashi Spiced Nuts
elite,Elite Plan,veg,Veg,W2,Tuesday,2,Lunch,Main,French Onion Grilled Cheese,French Onion Grilled Cheese
elite,Elite Plan,veg,Veg,W2,Tuesday,2,Lunch,Protein,Paneer grilled,Paneer grilled
elite,Elite Plan,veg,Veg,W2,Tuesday,2,Snack,Main,Chocolate Chips Oats Cookies,Chocolate Chips Oats Cookies
elite,Elite Plan,veg,Veg,W2,Wednesday,3,Dinner,Main,Ragi Jowar Chappathi combo,Ragi Jowar Chappathi combo
elite,Elite Plan,veg,Veg,W2,Wednesday,3,Drink,Main,Monkfruit lemonade,Monkfruit lemonade
elite,Elite Plan,veg,Veg,W2,Wednesday,3,Lunch,Accomp 1,Cut fruits,Cut fruits
elite,Elite Plan,veg,Veg,W2,Wednesday,3,Lunch,Accomp 2,Roasted sweet potato,Roasted sweet potato
elite,Elite Plan,veg,Veg,W2,Wednesday,3,Lunch,Accomp 3,Crunchy Nut mix,Crunchy Nut mix
elite,Elite Plan,veg,Veg,W2,Wednesday,3,Lunch,Main,Yuzu Corn Salad,Yuzu Corn Salad
elite,Elite Plan,veg,Veg,W2,Wednesday,3,Lunch,Protein,Paneer grilled,Paneer grilled
elite,Elite Plan,veg,Veg,W2,Wednesday,3,Snack,Main,Greek Yogurt Granola Bowl,Greek Yogurt Granola Bowl
elite,Elite Plan,veg,Veg,W2,Thursday,4,Dinner,Accomp 1,Cut fruits,Cut fruits
elite,Elite Plan,veg,Veg,W2,Thursday,4,Dinner,Accomp 2,Roasted sweet potato,Roasted sweet potato
elite,Elite Plan,veg,Veg,W2,Thursday,4,Dinner,Accomp 3,Crunchy Nut mix,Crunchy Nut mix
elite,Elite Plan,veg,Veg,W2,Thursday,4,Dinner,Main,Vegetable millet broth,Vegetable millet broth
elite,Elite Plan,veg,Veg,W2,Thursday,4,Dinner,Protein,Paneer grilled,Paneer grilled
elite,Elite Plan,veg,Veg,W2,Thursday,4,Drink,Main,Masala Chaas,Masala Chaas
elite,Elite Plan,veg,Veg,W2,Thursday,4,Lunch,Accomp 1,Shirazi salad,Shirazi salad
elite,Elite Plan,veg,Veg,W2,Thursday,4,Lunch,Accomp 2,Steamed Edamame,Steamed Edamame
elite,Elite Plan,veg,Veg,W2,Thursday,4,Lunch,Accomp 3,Maple Togarashi Spiced Nuts,Maple Togarashi Spiced Nuts
elite,Elite Plan,veg,Veg,W2,Thursday,4,Lunch,Main,Furikake Avocado Toast with Jammy Eggs,Furikake Avocado Toast with Jammy Eggs
elite,Elite Plan,veg,Veg,W2,Thursday,4,Lunch,Protein,Soyu egg,Soyu egg
elite,Elite Plan,veg,Veg,W2,Thursday,4,Snack,Main,Protein Peanut Butter Brownie,Protein Peanut Butter Brownie
elite,Elite Plan,veg,Veg,W2,Friday,5,Dinner,Accomp 1,Shirazi salad,Shirazi salad
elite,Elite Plan,veg,Veg,W2,Friday,5,Dinner,Accomp 2,Steamed Edamame,Steamed Edamame
elite,Elite Plan,veg,Veg,W2,Friday,5,Dinner,Accomp 3,Maple Togarashi Spiced Nuts,Maple Togarashi Spiced Nuts
elite,Elite Plan,veg,Veg,W2,Friday,5,Dinner,Main,Vegetable millet broth,Vegetable millet broth
elite,Elite Plan,veg,Veg,W2,Friday,5,Dinner,Protein,Paneer grilled,Paneer grilled
elite,Elite Plan,veg,Veg,W2,Friday,5,Drink,Main,Pineapple Gut Booster Tepache,Pineapple Gut Booster Tepache
elite,Elite Plan,veg,Veg,W2,Friday,5,Lunch,Main,Ragi Jowar Chappathi combo,Ragi Jowar Chappathi combo
elite,Elite Plan,veg,Veg,W2,Friday,5,Snack,Main,Vegan Chocolate Chips Almond Oats Cookies,Vegan Chocolate Chips Almond Oats Cookies
elite,Elite Plan,veg,Veg,W2,Saturday,6,Dinner,Main,Ragi Jowar Chappathi combo,Ragi Jowar Chappathi combo
elite,Elite Plan,veg,Veg,W2,Saturday,6,Drink,Main,ABC Smoothie,ABC Smoothie
elite,Elite Plan,veg,Veg,W2,Saturday,6,Lunch,Accomp 1,Shirazi salad,Shirazi salad
elite,Elite Plan,veg,Veg,W2,Saturday,6,Lunch,Accomp 2,Steamed Edamame,Steamed Edamame
elite,Elite Plan,veg,Veg,W2,Saturday,6,Lunch,Accomp 3,Maple Togarashi Spiced Nuts,Maple Togarashi Spiced Nuts
elite,Elite Plan,veg,Veg,W2,Saturday,6,Lunch,Main,Mesclun Quinoa Salad,Mesclun Quinoa Salad
elite,Elite Plan,veg,Veg,W2,Saturday,6,Lunch,Protein,Paneer grilled,Paneer grilled
elite,Elite Plan,veg,Veg,W2,Saturday,6,Snack,Main,Peanut butter and banana toast,Peanut butter and banana toast
elite,Elite Plan,veg,Veg,W3,Monday,1,Dinner,Accomp 1,Shirazi salad,Shirazi salad
elite,Elite Plan,veg,Veg,W3,Monday,1,Dinner,Accomp 2,Steamed Edamame,Steamed Edamame
elite,Elite Plan,veg,Veg,W3,Monday,1,Dinner,Accomp 3,Maple Togarashi Spiced Nuts,Maple Togarashi Spiced Nuts
elite,Elite Plan,veg,Veg,W3,Monday,1,Dinner,Main,Vegetable millet broth,Vegetable millet broth
elite,Elite Plan,veg,Veg,W3,Monday,1,Dinner,Protein,Paneer grilled,Paneer grilled
elite,Elite Plan,veg,Veg,W3,Monday,1,Drink,Main,ABC Smoothie,ABC Smoothie
elite,Elite Plan,veg,Veg,W3,Monday,1,Lunch,Accomp 1,Cut fruits,Cut fruits
elite,Elite Plan,veg,Veg,W3,Monday,1,Lunch,Accomp 2,Roasted sweet potato,Roasted sweet potato
elite,Elite Plan,veg,Veg,W3,Monday,1,Lunch,Accomp 3,Crunchy Nut mix,Crunchy Nut mix
elite,Elite Plan,veg,Veg,W3,Monday,1,Lunch,Main,Mesclun Quinoa Salad,Mesclun Quinoa Salad
elite,Elite Plan,veg,Veg,W3,Monday,1,Lunch,Protein,Paneer grilled,Paneer grilled
elite,Elite Plan,veg,Veg,W3,Monday,1,Snack,Main,Peanut butter and banana toast,Peanut butter and banana toast
elite,Elite Plan,veg,Veg,W3,Tuesday,2,Dinner,Accomp 1,Cut fruits,Cut fruits
elite,Elite Plan,veg,Veg,W3,Tuesday,2,Dinner,Accomp 2,Roasted sweet potato,Roasted sweet potato
elite,Elite Plan,veg,Veg,W3,Tuesday,2,Dinner,Accomp 3,Crunchy Nut mix,Crunchy Nut mix
elite,Elite Plan,veg,Veg,W3,Tuesday,2,Dinner,Main,Vegetable millet broth,Vegetable millet broth
elite,Elite Plan,veg,Veg,W3,Tuesday,2,Dinner,Protein,Paneer grilled,Paneer grilled
elite,Elite Plan,veg,Veg,W3,Tuesday,2,Drink,Main,Mint Pineapple Spinach Smoothie,Mint Pineapple Spinach Smoothie
elite,Elite Plan,veg,Veg,W3,Tuesday,2,Lunch,Accomp 1,Shirazi salad,Shirazi salad
elite,Elite Plan,veg,Veg,W3,Tuesday,2,Lunch,Accomp 2,Steamed Edamame,Steamed Edamame
elite,Elite Plan,veg,Veg,W3,Tuesday,2,Lunch,Accomp 3,Maple Togarashi Spiced Nuts,Maple Togarashi Spiced Nuts
elite,Elite Plan,veg,Veg,W3,Tuesday,2,Lunch,Main,French Onion Grilled Cheese,French Onion Grilled Cheese
elite,Elite Plan,veg,Veg,W3,Tuesday,2,Lunch,Protein,Paneer grilled,Paneer grilled
elite,Elite Plan,veg,Veg,W3,Tuesday,2,Snack,Main,Chocolate Chips Oats Cookies,Chocolate Chips Oats Cookies
elite,Elite Plan,veg,Veg,W3,Wednesday,3,Dinner,Main,Ragi Jowar Chappathi combo,Ragi Jowar Chappathi combo
elite,Elite Plan,veg,Veg,W3,Wednesday,3,Drink,Main,Monkfruit lemonade,Monkfruit lemonade
elite,Elite Plan,veg,Veg,W3,Wednesday,3,Lunch,Accomp 1,Cut fruits,Cut fruits
elite,Elite Plan,veg,Veg,W3,Wednesday,3,Lunch,Accomp 2,Roasted sweet potato,Roasted sweet potato
elite,Elite Plan,veg,Veg,W3,Wednesday,3,Lunch,Accomp 3,Crunchy Nut mix,Crunchy Nut mix
elite,Elite Plan,veg,Veg,W3,Wednesday,3,Lunch,Main,Yuzu Corn Salad,Yuzu Corn Salad
elite,Elite Plan,veg,Veg,W3,Wednesday,3,Lunch,Protein,Paneer grilled,Paneer grilled
elite,Elite Plan,veg,Veg,W3,Wednesday,3,Snack,Main,Greek Yogurt Granola Bowl,Greek Yogurt Granola Bowl
elite,Elite Plan,veg,Veg,W3,Thursday,4,Dinner,Accomp 1,Cut fruits,Cut fruits
elite,Elite Plan,veg,Veg,W3,Thursday,4,Dinner,Accomp 2,Roasted sweet potato,Roasted sweet potato
elite,Elite Plan,veg,Veg,W3,Thursday,4,Dinner,Accomp 3,Crunchy Nut mix,Crunchy Nut mix
elite,Elite Plan,veg,Veg,W3,Thursday,4,Dinner,Main,Vegetable millet broth,Vegetable millet broth
elite,Elite Plan,veg,Veg,W3,Thursday,4,Dinner,Protein,Paneer grilled,Paneer grilled
elite,Elite Plan,veg,Veg,W3,Thursday,4,Drink,Main,Masala Chaas,Masala Chaas
elite,Elite Plan,veg,Veg,W3,Thursday,4,Lunch,Accomp 1,Shirazi salad,Shirazi salad
elite,Elite Plan,veg,Veg,W3,Thursday,4,Lunch,Accomp 2,Steamed Edamame,Steamed Edamame
elite,Elite Plan,veg,Veg,W3,Thursday,4,Lunch,Accomp 3,Maple Togarashi Spiced Nuts,Maple Togarashi Spiced Nuts
elite,Elite Plan,veg,Veg,W3,Thursday,4,Lunch,Main,Furikake Avocado Toast with Jammy Eggs,Furikake Avocado Toast with Jammy Eggs
elite,Elite Plan,veg,Veg,W3,Thursday,4,Lunch,Protein,Soyu egg,Soyu egg
elite,Elite Plan,veg,Veg,W3,Thursday,4,Snack,Main,Protein Peanut Butter Brownie,Protein Peanut Butter Brownie
elite,Elite Plan,veg,Veg,W3,Friday,5,Dinner,Accomp 1,Shirazi salad,Shirazi salad
elite,Elite Plan,veg,Veg,W3,Friday,5,Dinner,Accomp 2,Steamed Edamame,Steamed Edamame
elite,Elite Plan,veg,Veg,W3,Friday,5,Dinner,Accomp 3,Maple Togarashi Spiced Nuts,Maple Togarashi Spiced Nuts
elite,Elite Plan,veg,Veg,W3,Friday,5,Dinner,Main,Vegetable millet broth,Vegetable millet broth
elite,Elite Plan,veg,Veg,W3,Friday,5,Dinner,Protein,Paneer grilled,Paneer grilled
elite,Elite Plan,veg,Veg,W3,Friday,5,Drink,Main,Pineapple Gut Booster Tepache,Pineapple Gut Booster Tepache
elite,Elite Plan,veg,Veg,W3,Friday,5,Lunch,Main,Ragi Jowar Chappathi combo,Ragi Jowar Chappathi combo
elite,Elite Plan,veg,Veg,W3,Friday,5,Snack,Main,Vegan Chocolate Chips Almond Oats Cookies,Vegan Chocolate Chips Almond Oats Cookies
elite,Elite Plan,veg,Veg,W3,Saturday,6,Dinner,Main,Ragi Jowar Chappathi combo,Ragi Jowar Chappathi combo
elite,Elite Plan,veg,Veg,W3,Saturday,6,Drink,Main,ABC Smoothie,ABC Smoothie
elite,Elite Plan,veg,Veg,W3,Saturday,6,Lunch,Accomp 1,Shirazi salad,Shirazi salad
elite,Elite Plan,veg,Veg,W3,Saturday,6,Lunch,Accomp 2,Steamed Edamame,Steamed Edamame
elite,Elite Plan,veg,Veg,W3,Saturday,6,Lunch,Accomp 3,Maple Togarashi Spiced Nuts,Maple Togarashi Spiced Nuts
elite,Elite Plan,veg,Veg,W3,Saturday,6,Lunch,Main,Mesclun Quinoa Salad,Mesclun Quinoa Salad
elite,Elite Plan,veg,Veg,W3,Saturday,6,Lunch,Protein,Paneer grilled,Paneer grilled
elite,Elite Plan,veg,Veg,W3,Saturday,6,Snack,Main,Peanut butter and banana toast,Peanut butter and banana toast
elite,Elite Plan,veg,Veg,W4,Monday,1,Dinner,Accomp 1,Shirazi salad,Shirazi salad
elite,Elite Plan,veg,Veg,W4,Monday,1,Dinner,Accomp 2,Steamed Edamame,Steamed Edamame
elite,Elite Plan,veg,Veg,W4,Monday,1,Dinner,Accomp 3,Maple Togarashi Spiced Nuts,Maple Togarashi Spiced Nuts
elite,Elite Plan,veg,Veg,W4,Monday,1,Dinner,Main,Vegetable millet broth,Vegetable millet broth
elite,Elite Plan,veg,Veg,W4,Monday,1,Dinner,Protein,Paneer grilled,Paneer grilled
elite,Elite Plan,veg,Veg,W4,Monday,1,Drink,Main,ABC Smoothie,ABC Smoothie
elite,Elite Plan,veg,Veg,W4,Monday,1,Lunch,Accomp 1,Cut fruits,Cut fruits
elite,Elite Plan,veg,Veg,W4,Monday,1,Lunch,Accomp 2,Roasted sweet potato,Roasted sweet potato
elite,Elite Plan,veg,Veg,W4,Monday,1,Lunch,Accomp 3,Crunchy Nut mix,Crunchy Nut mix
elite,Elite Plan,veg,Veg,W4,Monday,1,Lunch,Main,Mesclun Quinoa Salad,Mesclun Quinoa Salad
elite,Elite Plan,veg,Veg,W4,Monday,1,Lunch,Protein,Paneer grilled,Paneer grilled
elite,Elite Plan,veg,Veg,W4,Monday,1,Snack,Main,Peanut butter and banana toast,Peanut butter and banana toast
elite,Elite Plan,veg,Veg,W4,Tuesday,2,Dinner,Accomp 1,Cut fruits,Cut fruits
elite,Elite Plan,veg,Veg,W4,Tuesday,2,Dinner,Accomp 2,Roasted sweet potato,Roasted sweet potato
elite,Elite Plan,veg,Veg,W4,Tuesday,2,Dinner,Accomp 3,Crunchy Nut mix,Crunchy Nut mix
elite,Elite Plan,veg,Veg,W4,Tuesday,2,Dinner,Main,Vegetable millet broth,Vegetable millet broth
elite,Elite Plan,veg,Veg,W4,Tuesday,2,Dinner,Protein,Paneer grilled,Paneer grilled
elite,Elite Plan,veg,Veg,W4,Tuesday,2,Drink,Main,Mint Pineapple Spinach Smoothie,Mint Pineapple Spinach Smoothie
elite,Elite Plan,veg,Veg,W4,Tuesday,2,Lunch,Accomp 1,Shirazi salad,Shirazi salad
elite,Elite Plan,veg,Veg,W4,Tuesday,2,Lunch,Accomp 2,Steamed Edamame,Steamed Edamame
elite,Elite Plan,veg,Veg,W4,Tuesday,2,Lunch,Accomp 3,Maple Togarashi Spiced Nuts,Maple Togarashi Spiced Nuts
elite,Elite Plan,veg,Veg,W4,Tuesday,2,Lunch,Main,French Onion Grilled Cheese,French Onion Grilled Cheese
elite,Elite Plan,veg,Veg,W4,Tuesday,2,Lunch,Protein,Paneer grilled,Paneer grilled
elite,Elite Plan,veg,Veg,W4,Tuesday,2,Snack,Main,Chocolate Chips Oats Cookies,Chocolate Chips Oats Cookies
elite,Elite Plan,veg,Veg,W4,Wednesday,3,Dinner,Main,Ragi Jowar Chappathi combo,Ragi Jowar Chappathi combo
elite,Elite Plan,veg,Veg,W4,Wednesday,3,Drink,Main,Monkfruit lemonade,Monkfruit lemonade
elite,Elite Plan,veg,Veg,W4,Wednesday,3,Lunch,Accomp 1,Cut fruits,Cut fruits
elite,Elite Plan,veg,Veg,W4,Wednesday,3,Lunch,Accomp 2,Roasted sweet potato,Roasted sweet potato
elite,Elite Plan,veg,Veg,W4,Wednesday,3,Lunch,Accomp 3,Crunchy Nut mix,Crunchy Nut mix
elite,Elite Plan,veg,Veg,W4,Wednesday,3,Lunch,Main,Yuzu Corn Salad,Yuzu Corn Salad
elite,Elite Plan,veg,Veg,W4,Wednesday,3,Lunch,Protein,Paneer grilled,Paneer grilled
elite,Elite Plan,veg,Veg,W4,Wednesday,3,Snack,Main,Greek Yogurt Granola Bowl,Greek Yogurt Granola Bowl
elite,Elite Plan,veg,Veg,W4,Thursday,4,Dinner,Accomp 1,Cut fruits,Cut fruits
elite,Elite Plan,veg,Veg,W4,Thursday,4,Dinner,Accomp 2,Roasted sweet potato,Roasted sweet potato
elite,Elite Plan,veg,Veg,W4,Thursday,4,Dinner,Accomp 3,Crunchy Nut mix,Crunchy Nut mix
elite,Elite Plan,veg,Veg,W4,Thursday,4,Dinner,Main,Vegetable millet broth,Vegetable millet broth
elite,Elite Plan,veg,Veg,W4,Thursday,4,Dinner,Protein,Paneer grilled,Paneer grilled
elite,Elite Plan,veg,Veg,W4,Thursday,4,Drink,Main,Masala Chaas,Masala Chaas
elite,Elite Plan,veg,Veg,W4,Thursday,4,Lunch,Accomp 1,Shirazi salad,Shirazi salad
elite,Elite Plan,veg,Veg,W4,Thursday,4,Lunch,Accomp 2,Steamed Edamame,Steamed Edamame
elite,Elite Plan,veg,Veg,W4,Thursday,4,Lunch,Accomp 3,Maple Togarashi Spiced Nuts,Maple Togarashi Spiced Nuts
elite,Elite Plan,veg,Veg,W4,Thursday,4,Lunch,Main,Furikake Avocado Toast with Jammy Eggs,Furikake Avocado Toast with Jammy Eggs
elite,Elite Plan,veg,Veg,W4,Thursday,4,Lunch,Protein,Soyu egg,Soyu egg
elite,Elite Plan,veg,Veg,W4,Thursday,4,Snack,Main,Protein Peanut Butter Brownie,Protein Peanut Butter Brownie
elite,Elite Plan,veg,Veg,W4,Friday,5,Dinner,Accomp 1,Shirazi salad,Shirazi salad
elite,Elite Plan,veg,Veg,W4,Friday,5,Dinner,Accomp 2,Steamed Edamame,Steamed Edamame
elite,Elite Plan,veg,Veg,W4,Friday,5,Dinner,Accomp 3,Maple Togarashi Spiced Nuts,Maple Togarashi Spiced Nuts
elite,Elite Plan,veg,Veg,W4,Friday,5,Dinner,Main,Vegetable millet broth,Vegetable millet broth
elite,Elite Plan,veg,Veg,W4,Friday,5,Dinner,Protein,Paneer grilled,Paneer grilled
elite,Elite Plan,veg,Veg,W4,Friday,5,Drink,Main,Pineapple Gut Booster Tepache,Pineapple Gut Booster Tepache
elite,Elite Plan,veg,Veg,W4,Friday,5,Lunch,Main,Ragi Jowar Chappathi combo,Ragi Jowar Chappathi combo
elite,Elite Plan,veg,Veg,W4,Friday,5,Snack,Main,Vegan Chocolate Chips Almond Oats Cookies,Vegan Chocolate Chips Almond Oats Cookies
elite,Elite Plan,veg,Veg,W4,Saturday,6,Dinner,Main,Ragi Jowar Chappathi combo,Ragi Jowar Chappathi combo
elite,Elite Plan,veg,Veg,W4,Saturday,6,Drink,Main,ABC Smoothie,ABC Smoothie
elite,Elite Plan,veg,Veg,W4,Saturday,6,Lunch,Accomp 1,Shirazi salad,Shirazi salad
elite,Elite Plan,veg,Veg,W4,Saturday,6,Lunch,Accomp 2,Steamed Edamame,Steamed Edamame
elite,Elite Plan,veg,Veg,W4,Saturday,6,Lunch,Accomp 3,Maple Togarashi Spiced Nuts,Maple Togarashi Spiced Nuts
elite,Elite Plan,veg,Veg,W4,Saturday,6,Lunch,Main,Mesclun Quinoa Salad,Mesclun Quinoa Salad
elite,Elite Plan,veg,Veg,W4,Saturday,6,Lunch,Protein,Paneer grilled,Paneer grilled
elite,Elite Plan,veg,Veg,W4,Saturday,6,Snack,Main,Peanut butter and banana toast,Peanut butter and banana toast
salad,Salad Plan,nonveg,Non-Veg,W1,Monday,1,Dinner,Protein,Soyu egg,Soyu egg
salad,Salad Plan,nonveg,Non-Veg,W1,Monday,1,Dinner,Salad,Yuzu Corn Salad,Yuzu Corn Salad
salad,Salad Plan,nonveg,Non-Veg,W1,Monday,1,Lunch,Protein,Herbs Marinated Chicken Breast,Herbs Marinated Chicken Breast
salad,Salad Plan,nonveg,Non-Veg,W1,Monday,1,Lunch,Salad,Mesclun Quinoa Salad,Mesclun Quinoa Salad
salad,Salad Plan,nonveg,Non-Veg,W1,Tuesday,2,Dinner,Protein,Herbs Marinated Chicken Breast,Herbs Marinated Chicken Breast
salad,Salad Plan,nonveg,Non-Veg,W1,Tuesday,2,Dinner,Salad,Mesclun Quinoa Salad,Mesclun Quinoa Salad
salad,Salad Plan,nonveg,Non-Veg,W1,Tuesday,2,Lunch,Salad,Pulled Chicken Caesar Salad,Pulled Chicken Caesar Salad
salad,Salad Plan,nonveg,Non-Veg,W1,Wednesday,3,Dinner,Protein,Soyu egg,Soyu egg
salad,Salad Plan,nonveg,Non-Veg,W1,Wednesday,3,Dinner,Salad,Yuzu Corn Salad,Yuzu Corn Salad
salad,Salad Plan,nonveg,Non-Veg,W1,Wednesday,3,Lunch,Protein,Herbs Marinated Chicken Breast,Herbs Marinated Chicken Breast
salad,Salad Plan,nonveg,Non-Veg,W1,Wednesday,3,Lunch,Salad,Mesclun Quinoa Salad,Mesclun Quinoa Salad
salad,Salad Plan,nonveg,Non-Veg,W1,Thursday,4,Dinner,Protein,Herbs Marinated Chicken Breast,Herbs Marinated Chicken Breast
salad,Salad Plan,nonveg,Non-Veg,W1,Thursday,4,Dinner,Salad,Mesclun Quinoa Salad,Mesclun Quinoa Salad
salad,Salad Plan,nonveg,Non-Veg,W1,Thursday,4,Lunch,Protein,Soyu egg,Soyu egg
salad,Salad Plan,nonveg,Non-Veg,W1,Thursday,4,Lunch,Salad,Yuzu Corn Salad,Yuzu Corn Salad
salad,Salad Plan,nonveg,Non-Veg,W1,Friday,5,Dinner,Salad,Pulled Chicken Caesar Salad,Pulled Chicken Caesar Salad
salad,Salad Plan,nonveg,Non-Veg,W1,Friday,5,Lunch,Protein,Herbs Marinated Chicken Breast,Herbs Marinated Chicken Breast
salad,Salad Plan,nonveg,Non-Veg,W1,Friday,5,Lunch,Salad,Mesclun Quinoa Salad,Mesclun Quinoa Salad
salad,Salad Plan,nonveg,Non-Veg,W1,Saturday,6,Dinner,Protein,Herbs Marinated Chicken Breast,Herbs Marinated Chicken Breast
salad,Salad Plan,nonveg,Non-Veg,W1,Saturday,6,Dinner,Salad,Mesclun Quinoa Salad,Mesclun Quinoa Salad
salad,Salad Plan,nonveg,Non-Veg,W1,Saturday,6,Lunch,Protein,Soyu egg,Soyu egg
salad,Salad Plan,nonveg,Non-Veg,W1,Saturday,6,Lunch,Salad,Yuzu Corn Salad,Yuzu Corn Salad
salad,Salad Plan,nonveg,Non-Veg,W2,Monday,1,Dinner,Protein,Soyu egg,Soyu egg
salad,Salad Plan,nonveg,Non-Veg,W2,Monday,1,Dinner,Salad,Yuzu Corn Salad,Yuzu Corn Salad
salad,Salad Plan,nonveg,Non-Veg,W2,Monday,1,Lunch,Protein,Herbs Marinated Chicken Breast,Herbs Marinated Chicken Breast
salad,Salad Plan,nonveg,Non-Veg,W2,Monday,1,Lunch,Salad,Mesclun Quinoa Salad,Mesclun Quinoa Salad
salad,Salad Plan,nonveg,Non-Veg,W2,Tuesday,2,Dinner,Protein,Herbs Marinated Chicken Breast,Herbs Marinated Chicken Breast
salad,Salad Plan,nonveg,Non-Veg,W2,Tuesday,2,Dinner,Salad,Mesclun Quinoa Salad,Mesclun Quinoa Salad
salad,Salad Plan,nonveg,Non-Veg,W2,Tuesday,2,Lunch,Protein,Soyu egg,Soyu egg
salad,Salad Plan,nonveg,Non-Veg,W2,Tuesday,2,Lunch,Salad,Yuzu Corn Salad,Yuzu Corn Salad
salad,Salad Plan,nonveg,Non-Veg,W2,Wednesday,3,Dinner,Protein,Soyu egg,Soyu egg
salad,Salad Plan,nonveg,Non-Veg,W2,Wednesday,3,Dinner,Salad,Yuzu Corn Salad,Yuzu Corn Salad
salad,Salad Plan,nonveg,Non-Veg,W2,Wednesday,3,Lunch,Salad,Pulled Chicken Caesar Salad,Pulled Chicken Caesar Salad
salad,Salad Plan,nonveg,Non-Veg,W2,Thursday,4,Dinner,Protein,Herbs Marinated Chicken Breast,Herbs Marinated Chicken Breast
salad,Salad Plan,nonveg,Non-Veg,W2,Thursday,4,Dinner,Salad,Mesclun Quinoa Salad,Mesclun Quinoa Salad
salad,Salad Plan,nonveg,Non-Veg,W2,Thursday,4,Lunch,Protein,Soyu egg,Soyu egg
salad,Salad Plan,nonveg,Non-Veg,W2,Thursday,4,Lunch,Salad,Yuzu Corn Salad,Yuzu Corn Salad
salad,Salad Plan,nonveg,Non-Veg,W2,Friday,5,Dinner,Protein,Soyu egg,Soyu egg
salad,Salad Plan,nonveg,Non-Veg,W2,Friday,5,Dinner,Salad,Yuzu Corn Salad,Yuzu Corn Salad
salad,Salad Plan,nonveg,Non-Veg,W2,Friday,5,Lunch,Protein,Herbs Marinated Chicken Breast,Herbs Marinated Chicken Breast
salad,Salad Plan,nonveg,Non-Veg,W2,Friday,5,Lunch,Salad,Mesclun Quinoa Salad,Mesclun Quinoa Salad
salad,Salad Plan,nonveg,Non-Veg,W2,Saturday,6,Dinner,Salad,Pulled Chicken Caesar Salad,Pulled Chicken Caesar Salad
salad,Salad Plan,nonveg,Non-Veg,W2,Saturday,6,Lunch,Protein,Soyu egg,Soyu egg
salad,Salad Plan,nonveg,Non-Veg,W2,Saturday,6,Lunch,Salad,Yuzu Corn Salad,Yuzu Corn Salad
salad,Salad Plan,nonveg,Non-Veg,W3,Monday,1,Dinner,Salad,Pulled Chicken Caesar Salad,Pulled Chicken Caesar Salad
salad,Salad Plan,nonveg,Non-Veg,W3,Monday,1,Lunch,Protein,Herbs Marinated Chicken Breast,Herbs Marinated Chicken Breast
salad,Salad Plan,nonveg,Non-Veg,W3,Monday,1,Lunch,Salad,Mesclun Quinoa Salad,Mesclun Quinoa Salad
salad,Salad Plan,nonveg,Non-Veg,W3,Tuesday,2,Dinner,Protein,Herbs Marinated Chicken Breast,Herbs Marinated Chicken Breast
salad,Salad Plan,nonveg,Non-Veg,W3,Tuesday,2,Dinner,Salad,Mesclun Quinoa Salad,Mesclun Quinoa Salad
salad,Salad Plan,nonveg,Non-Veg,W3,Tuesday,2,Lunch,Protein,Soyu egg,Soyu egg
salad,Salad Plan,nonveg,Non-Veg,W3,Tuesday,2,Lunch,Salad,Yuzu Corn Salad,Yuzu Corn Salad
salad,Salad Plan,nonveg,Non-Veg,W3,Wednesday,3,Dinner,Protein,Soyu egg,Soyu egg
salad,Salad Plan,nonveg,Non-Veg,W3,Wednesday,3,Dinner,Salad,Yuzu Corn Salad,Yuzu Corn Salad
salad,Salad Plan,nonveg,Non-Veg,W3,Wednesday,3,Lunch,Protein,Herbs Marinated Chicken Breast,Herbs Marinated Chicken Breast
salad,Salad Plan,nonveg,Non-Veg,W3,Wednesday,3,Lunch,Salad,Mesclun Quinoa Salad,Mesclun Quinoa Salad
salad,Salad Plan,nonveg,Non-Veg,W3,Thursday,4,Dinner,Protein,Herbs Marinated Chicken Breast,Herbs Marinated Chicken Breast
salad,Salad Plan,nonveg,Non-Veg,W3,Thursday,4,Dinner,Salad,Mesclun Quinoa Salad,Mesclun Quinoa Salad
salad,Salad Plan,nonveg,Non-Veg,W3,Thursday,4,Lunch,Salad,Pulled Chicken Caesar Salad,Pulled Chicken Caesar Salad
salad,Salad Plan,nonveg,Non-Veg,W3,Friday,5,Dinner,Protein,Soyu egg,Soyu egg
salad,Salad Plan,nonveg,Non-Veg,W3,Friday,5,Dinner,Salad,Yuzu Corn Salad,Yuzu Corn Salad
salad,Salad Plan,nonveg,Non-Veg,W3,Friday,5,Lunch,Protein,Herbs Marinated Chicken Breast,Herbs Marinated Chicken Breast
salad,Salad Plan,nonveg,Non-Veg,W3,Friday,5,Lunch,Salad,Mesclun Quinoa Salad,Mesclun Quinoa Salad
salad,Salad Plan,nonveg,Non-Veg,W3,Saturday,6,Dinner,Protein,Herbs Marinated Chicken Breast,Herbs Marinated Chicken Breast
salad,Salad Plan,nonveg,Non-Veg,W3,Saturday,6,Dinner,Salad,Mesclun Quinoa Salad,Mesclun Quinoa Salad
salad,Salad Plan,nonveg,Non-Veg,W3,Saturday,6,Lunch,Protein,Soyu egg,Soyu egg
salad,Salad Plan,nonveg,Non-Veg,W3,Saturday,6,Lunch,Salad,Yuzu Corn Salad,Yuzu Corn Salad
salad,Salad Plan,nonveg,Non-Veg,W4,Monday,1,Dinner,Protein,Soyu egg,Soyu egg
salad,Salad Plan,nonveg,Non-Veg,W4,Monday,1,Dinner,Salad,Yuzu Corn Salad,Yuzu Corn Salad
salad,Salad Plan,nonveg,Non-Veg,W4,Monday,1,Lunch,Protein,Herbs Marinated Chicken Breast,Herbs Marinated Chicken Breast
salad,Salad Plan,nonveg,Non-Veg,W4,Monday,1,Lunch,Salad,Mesclun Quinoa Salad,Mesclun Quinoa Salad
salad,Salad Plan,nonveg,Non-Veg,W4,Tuesday,2,Dinner,Protein,Herbs Marinated Chicken Breast,Herbs Marinated Chicken Breast
salad,Salad Plan,nonveg,Non-Veg,W4,Tuesday,2,Dinner,Salad,Mesclun Quinoa Salad,Mesclun Quinoa Salad
salad,Salad Plan,nonveg,Non-Veg,W4,Tuesday,2,Lunch,Salad,Pulled Chicken Caesar Salad,Pulled Chicken Caesar Salad
salad,Salad Plan,nonveg,Non-Veg,W4,Wednesday,3,Dinner,Protein,Soyu egg,Soyu egg
salad,Salad Plan,nonveg,Non-Veg,W4,Wednesday,3,Dinner,Salad,Yuzu Corn Salad,Yuzu Corn Salad
salad,Salad Plan,nonveg,Non-Veg,W4,Wednesday,3,Lunch,Protein,Herbs Marinated Chicken Breast,Herbs Marinated Chicken Breast
salad,Salad Plan,nonveg,Non-Veg,W4,Wednesday,3,Lunch,Salad,Mesclun Quinoa Salad,Mesclun Quinoa Salad
salad,Salad Plan,nonveg,Non-Veg,W4,Thursday,4,Dinner,Protein,Herbs Marinated Chicken Breast,Herbs Marinated Chicken Breast
salad,Salad Plan,nonveg,Non-Veg,W4,Thursday,4,Dinner,Salad,Mesclun Quinoa Salad,Mesclun Quinoa Salad
salad,Salad Plan,nonveg,Non-Veg,W4,Thursday,4,Lunch,Protein,Soyu egg,Soyu egg
salad,Salad Plan,nonveg,Non-Veg,W4,Thursday,4,Lunch,Salad,Yuzu Corn Salad,Yuzu Corn Salad
salad,Salad Plan,nonveg,Non-Veg,W4,Friday,5,Dinner,Salad,Pulled Chicken Caesar Salad,Pulled Chicken Caesar Salad
salad,Salad Plan,nonveg,Non-Veg,W4,Friday,5,Lunch,Protein,Herbs Marinated Chicken Breast,Herbs Marinated Chicken Breast
salad,Salad Plan,nonveg,Non-Veg,W4,Friday,5,Lunch,Salad,Mesclun Quinoa Salad,Mesclun Quinoa Salad
salad,Salad Plan,nonveg,Non-Veg,W4,Saturday,6,Dinner,Protein,Herbs Marinated Chicken Breast,Herbs Marinated Chicken Breast
salad,Salad Plan,nonveg,Non-Veg,W4,Saturday,6,Dinner,Salad,Mesclun Quinoa Salad,Mesclun Quinoa Salad
salad,Salad Plan,nonveg,Non-Veg,W4,Saturday,6,Lunch,Protein,Soyu egg,Soyu egg
salad,Salad Plan,nonveg,Non-Veg,W4,Saturday,6,Lunch,Salad,Yuzu Corn Salad,Yuzu Corn Salad
salad,Salad Plan,veg,Veg,W1,Monday,1,Dinner,Protein,Soyu egg,Soyu egg
salad,Salad Plan,veg,Veg,W1,Monday,1,Dinner,Salad,Yuzu Corn Salad,Yuzu Corn Salad
salad,Salad Plan,veg,Veg,W1,Monday,1,Lunch,Protein,Paneer grilled,Paneer grilled
salad,Salad Plan,veg,Veg,W1,Monday,1,Lunch,Salad,Mesclun Quinoa Salad,Mesclun Quinoa Salad
salad,Salad Plan,veg,Veg,W1,Tuesday,2,Dinner,Protein,Paneer grilled,Paneer grilled
salad,Salad Plan,veg,Veg,W1,Tuesday,2,Dinner,Salad,Mesclun Quinoa Salad,Mesclun Quinoa Salad
salad,Salad Plan,veg,Veg,W1,Tuesday,2,Lunch,Protein,Soyu egg,Soyu egg
salad,Salad Plan,veg,Veg,W1,Tuesday,2,Lunch,Salad,Yuzu Corn Salad,Yuzu Corn Salad
salad,Salad Plan,veg,Veg,W1,Wednesday,3,Dinner,Protein,Soyu egg,Soyu egg
salad,Salad Plan,veg,Veg,W1,Wednesday,3,Dinner,Salad,Yuzu Corn Salad,Yuzu Corn Salad
salad,Salad Plan,veg,Veg,W1,Wednesday,3,Lunch,Protein,Paneer grilled,Paneer grilled
salad,Salad Plan,veg,Veg,W1,Wednesday,3,Lunch,Salad,Mesclun Quinoa Salad,Mesclun Quinoa Salad
salad,Salad Plan,veg,Veg,W1,Thursday,4,Dinner,Protein,Paneer grilled,Paneer grilled
salad,Salad Plan,veg,Veg,W1,Thursday,4,Dinner,Salad,Mesclun Quinoa Salad,Mesclun Quinoa Salad
salad,Salad Plan,veg,Veg,W1,Thursday,4,Lunch,Protein,Soyu egg,Soyu egg
salad,Salad Plan,veg,Veg,W1,Thursday,4,Lunch,Salad,Yuzu Corn Salad,Yuzu Corn Salad
salad,Salad Plan,veg,Veg,W1,Friday,5,Dinner,Protein,Soyu egg,Soyu egg
salad,Salad Plan,veg,Veg,W1,Friday,5,Dinner,Salad,Yuzu Corn Salad,Yuzu Corn Salad
salad,Salad Plan,veg,Veg,W1,Friday,5,Lunch,Protein,Paneer grilled,Paneer grilled
salad,Salad Plan,veg,Veg,W1,Friday,5,Lunch,Salad,Mesclun Quinoa Salad,Mesclun Quinoa Salad
salad,Salad Plan,veg,Veg,W1,Saturday,6,Dinner,Protein,Paneer grilled,Paneer grilled
salad,Salad Plan,veg,Veg,W1,Saturday,6,Dinner,Salad,Mesclun Quinoa Salad,Mesclun Quinoa Salad
salad,Salad Plan,veg,Veg,W1,Saturday,6,Lunch,Protein,Soyu egg,Soyu egg
salad,Salad Plan,veg,Veg,W1,Saturday,6,Lunch,Salad,Yuzu Corn Salad,Yuzu Corn Salad
salad,Salad Plan,veg,Veg,W2,Monday,1,Dinner,Protein,Soyu egg,Soyu egg
salad,Salad Plan,veg,Veg,W2,Monday,1,Dinner,Salad,Yuzu Corn Salad,Yuzu Corn Salad
salad,Salad Plan,veg,Veg,W2,Monday,1,Lunch,Protein,Paneer grilled,Paneer grilled
salad,Salad Plan,veg,Veg,W2,Monday,1,Lunch,Salad,Mesclun Quinoa Salad,Mesclun Quinoa Salad
salad,Salad Plan,veg,Veg,W2,Tuesday,2,Dinner,Protein,Paneer grilled,Paneer grilled
salad,Salad Plan,veg,Veg,W2,Tuesday,2,Dinner,Salad,Mesclun Quinoa Salad,Mesclun Quinoa Salad
salad,Salad Plan,veg,Veg,W2,Tuesday,2,Lunch,Protein,Soyu egg,Soyu egg
salad,Salad Plan,veg,Veg,W2,Tuesday,2,Lunch,Salad,Yuzu Corn Salad,Yuzu Corn Salad
salad,Salad Plan,veg,Veg,W2,Wednesday,3,Dinner,Protein,Soyu egg,Soyu egg
salad,Salad Plan,veg,Veg,W2,Wednesday,3,Dinner,Salad,Yuzu Corn Salad,Yuzu Corn Salad
salad,Salad Plan,veg,Veg,W2,Wednesday,3,Lunch,Protein,Paneer grilled,Paneer grilled
salad,Salad Plan,veg,Veg,W2,Wednesday,3,Lunch,Salad,Mesclun Quinoa Salad,Mesclun Quinoa Salad
salad,Salad Plan,veg,Veg,W2,Thursday,4,Dinner,Protein,Paneer grilled,Paneer grilled
salad,Salad Plan,veg,Veg,W2,Thursday,4,Dinner,Salad,Mesclun Quinoa Salad,Mesclun Quinoa Salad
salad,Salad Plan,veg,Veg,W2,Thursday,4,Lunch,Protein,Soyu egg,Soyu egg
salad,Salad Plan,veg,Veg,W2,Thursday,4,Lunch,Salad,Yuzu Corn Salad,Yuzu Corn Salad
salad,Salad Plan,veg,Veg,W2,Friday,5,Dinner,Protein,Soyu egg,Soyu egg
salad,Salad Plan,veg,Veg,W2,Friday,5,Dinner,Salad,Yuzu Corn Salad,Yuzu Corn Salad
salad,Salad Plan,veg,Veg,W2,Friday,5,Lunch,Protein,Paneer grilled,Paneer grilled
salad,Salad Plan,veg,Veg,W2,Friday,5,Lunch,Salad,Mesclun Quinoa Salad,Mesclun Quinoa Salad
salad,Salad Plan,veg,Veg,W2,Saturday,6,Dinner,Protein,Paneer grilled,Paneer grilled
salad,Salad Plan,veg,Veg,W2,Saturday,6,Dinner,Salad,Mesclun Quinoa Salad,Mesclun Quinoa Salad
salad,Salad Plan,veg,Veg,W2,Saturday,6,Lunch,Protein,Soyu egg,Soyu egg
salad,Salad Plan,veg,Veg,W2,Saturday,6,Lunch,Salad,Yuzu Corn Salad,Yuzu Corn Salad
salad,Salad Plan,veg,Veg,W3,Monday,1,Dinner,Protein,Soyu egg,Soyu egg
salad,Salad Plan,veg,Veg,W3,Monday,1,Dinner,Salad,Yuzu Corn Salad,Yuzu Corn Salad
salad,Salad Plan,veg,Veg,W3,Monday,1,Lunch,Protein,Paneer grilled,Paneer grilled
salad,Salad Plan,veg,Veg,W3,Monday,1,Lunch,Salad,Mesclun Quinoa Salad,Mesclun Quinoa Salad
salad,Salad Plan,veg,Veg,W3,Tuesday,2,Dinner,Protein,Paneer grilled,Paneer grilled
salad,Salad Plan,veg,Veg,W3,Tuesday,2,Dinner,Salad,Mesclun Quinoa Salad,Mesclun Quinoa Salad
salad,Salad Plan,veg,Veg,W3,Tuesday,2,Lunch,Protein,Soyu egg,Soyu egg
salad,Salad Plan,veg,Veg,W3,Tuesday,2,Lunch,Salad,Yuzu Corn Salad,Yuzu Corn Salad
salad,Salad Plan,veg,Veg,W3,Wednesday,3,Dinner,Protein,Soyu egg,Soyu egg
salad,Salad Plan,veg,Veg,W3,Wednesday,3,Dinner,Salad,Yuzu Corn Salad,Yuzu Corn Salad
salad,Salad Plan,veg,Veg,W3,Wednesday,3,Lunch,Protein,Paneer grilled,Paneer grilled
salad,Salad Plan,veg,Veg,W3,Wednesday,3,Lunch,Salad,Mesclun Quinoa Salad,Mesclun Quinoa Salad
salad,Salad Plan,veg,Veg,W3,Thursday,4,Dinner,Protein,Paneer grilled,Paneer grilled
salad,Salad Plan,veg,Veg,W3,Thursday,4,Dinner,Salad,Mesclun Quinoa Salad,Mesclun Quinoa Salad
salad,Salad Plan,veg,Veg,W3,Thursday,4,Lunch,Protein,Soyu egg,Soyu egg
salad,Salad Plan,veg,Veg,W3,Thursday,4,Lunch,Salad,Yuzu Corn Salad,Yuzu Corn Salad
salad,Salad Plan,veg,Veg,W3,Friday,5,Dinner,Protein,Soyu egg,Soyu egg
salad,Salad Plan,veg,Veg,W3,Friday,5,Dinner,Salad,Yuzu Corn Salad,Yuzu Corn Salad
salad,Salad Plan,veg,Veg,W3,Friday,5,Lunch,Protein,Paneer grilled,Paneer grilled
salad,Salad Plan,veg,Veg,W3,Friday,5,Lunch,Salad,Mesclun Quinoa Salad,Mesclun Quinoa Salad
salad,Salad Plan,veg,Veg,W3,Saturday,6,Dinner,Protein,Paneer grilled,Paneer grilled
salad,Salad Plan,veg,Veg,W3,Saturday,6,Dinner,Salad,Mesclun Quinoa Salad,Mesclun Quinoa Salad
salad,Salad Plan,veg,Veg,W3,Saturday,6,Lunch,Protein,Soyu egg,Soyu egg
salad,Salad Plan,veg,Veg,W3,Saturday,6,Lunch,Salad,Yuzu Corn Salad,Yuzu Corn Salad
salad,Salad Plan,veg,Veg,W4,Monday,1,Dinner,Protein,Soyu egg,Soyu egg
salad,Salad Plan,veg,Veg,W4,Monday,1,Dinner,Salad,Yuzu Corn Salad,Yuzu Corn Salad
salad,Salad Plan,veg,Veg,W4,Monday,1,Lunch,Protein,Paneer grilled,Paneer grilled
salad,Salad Plan,veg,Veg,W4,Monday,1,Lunch,Salad,Mesclun Quinoa Salad,Mesclun Quinoa Salad
salad,Salad Plan,veg,Veg,W4,Tuesday,2,Dinner,Protein,Paneer grilled,Paneer grilled
salad,Salad Plan,veg,Veg,W4,Tuesday,2,Dinner,Salad,Mesclun Quinoa Salad,Mesclun Quinoa Salad
salad,Salad Plan,veg,Veg,W4,Tuesday,2,Lunch,Protein,Soyu egg,Soyu egg
salad,Salad Plan,veg,Veg,W4,Tuesday,2,Lunch,Salad,Yuzu Corn Salad,Yuzu Corn Salad
salad,Salad Plan,veg,Veg,W4,Wednesday,3,Dinner,Protein,Soyu egg,Soyu egg
salad,Salad Plan,veg,Veg,W4,Wednesday,3,Dinner,Salad,Yuzu Corn Salad,Yuzu Corn Salad
salad,Salad Plan,veg,Veg,W4,Wednesday,3,Lunch,Protein,Paneer grilled,Paneer grilled
salad,Salad Plan,veg,Veg,W4,Wednesday,3,Lunch,Salad,Mesclun Quinoa Salad,Mesclun Quinoa Salad
salad,Salad Plan,veg,Veg,W4,Thursday,4,Dinner,Protein,Paneer grilled,Paneer grilled
salad,Salad Plan,veg,Veg,W4,Thursday,4,Dinner,Salad,Mesclun Quinoa Salad,Mesclun Quinoa Salad
salad,Salad Plan,veg,Veg,W4,Thursday,4,Lunch,Protein,Soyu egg,Soyu egg
salad,Salad Plan,veg,Veg,W4,Thursday,4,Lunch,Salad,Yuzu Corn Salad,Yuzu Corn Salad
salad,Salad Plan,veg,Veg,W4,Friday,5,Dinner,Protein,Soyu egg,Soyu egg
salad,Salad Plan,veg,Veg,W4,Friday,5,Dinner,Salad,Yuzu Corn Salad,Yuzu Corn Salad
salad,Salad Plan,veg,Veg,W4,Friday,5,Lunch,Protein,Paneer grilled,Paneer grilled
salad,Salad Plan,veg,Veg,W4,Friday,5,Lunch,Salad,Mesclun Quinoa Salad,Mesclun Quinoa Salad
salad,Salad Plan,veg,Veg,W4,Saturday,6,Dinner,Protein,Paneer grilled,Paneer grilled
salad,Salad Plan,veg,Veg,W4,Saturday,6,Dinner,Salad,Mesclun Quinoa Salad,Mesclun Quinoa Salad
salad,Salad Plan,veg,Veg,W4,Saturday,6,Lunch,Protein,Soyu egg,Soyu egg
salad,Salad Plan,veg,Veg,W4,Saturday,6,Lunch,Salad,Yuzu Corn Salad,Yuzu Corn Salad
weightloss,Weight Loss Plan,nonveg,Non-Veg,W1,Monday,1,Dinner,Part 1,Vegetable millet broth,Vegetable millet broth + Soyu egg
weightloss,Weight Loss Plan,nonveg,Non-Veg,W1,Monday,1,Dinner,Part 2,Soyu egg,Vegetable millet broth + Soyu egg
weightloss,Weight Loss Plan,nonveg,Non-Veg,W1,Monday,1,Drink,Part 1,ABC Smoothie,ABC Smoothie
weightloss,Weight Loss Plan,nonveg,Non-Veg,W1,Monday,1,Lunch,Part 1,Mesclun Quinoa Salad,Mesclun Quinoa Salad + Chicken
weightloss,Weight Loss Plan,nonveg,Non-Veg,W1,Monday,1,Lunch,Part 2,Chicken,Mesclun Quinoa Salad + Chicken
weightloss,Weight Loss Plan,nonveg,Non-Veg,W1,Tuesday,2,Dinner,Part 1,Ragi collagen chicken soup,Ragi collagen chicken soup + Soyu egg
weightloss,Weight Loss Plan,nonveg,Non-Veg,W1,Tuesday,2,Dinner,Part 2,Soyu egg,Ragi collagen chicken soup + Soyu egg
weightloss,Weight Loss Plan,nonveg,Non-Veg,W1,Tuesday,2,Drink,Part 1,Mint Smoothie,Mint Smoothie
weightloss,Weight Loss Plan,nonveg,Non-Veg,W1,Tuesday,2,Lunch,Part 1,Yuzu Corn Salad,Yuzu Corn Salad + Paneer
weightloss,Weight Loss Plan,nonveg,Non-Veg,W1,Tuesday,2,Lunch,Part 2,Paneer,Yuzu Corn Salad + Paneer
weightloss,Weight Loss Plan,nonveg,Non-Veg,W1,Wednesday,3,Dinner,Part 1,Mesclun Quinoa Salad,Mesclun Quinoa Salad + Soyu egg
weightloss,Weight Loss Plan,nonveg,Non-Veg,W1,Wednesday,3,Dinner,Part 2,Soyu egg,Mesclun Quinoa Salad + Soyu egg
weightloss,Weight Loss Plan,nonveg,Non-Veg,W1,Wednesday,3,Drink,Part 1,CBP Protein Smoothie (MR),CBP Protein Smoothie (MR)
weightloss,Weight Loss Plan,nonveg,Non-Veg,W1,Wednesday,3,Lunch,Part 1,Protein Chicken Collagen Millet Kanji,Protein Chicken Collagen Millet Kanji
weightloss,Weight Loss Plan,nonveg,Non-Veg,W1,Thursday,4,Dinner,Part 1,Vegetable millet broth,Vegetable millet broth + Paneer
weightloss,Weight Loss Plan,nonveg,Non-Veg,W1,Thursday,4,Dinner,Part 2,Paneer,Vegetable millet broth + Paneer
weightloss,Weight Loss Plan,nonveg,Non-Veg,W1,Thursday,4,Drink,Part 1,Masala Chaas,Masala Chaas
weightloss,Weight Loss Plan,nonveg,Non-Veg,W1,Thursday,4,Lunch,Part 1,Chicken Sandwich,Chicken Sandwich + Chicken
weightloss,Weight Loss Plan,nonveg,Non-Veg,W1,Thursday,4,Lunch,Part 2,Chicken,Chicken Sandwich + Chicken
weightloss,Weight Loss Plan,nonveg,Non-Veg,W1,Friday,5,Dinner,Part 1,Yuzu Corn Salad,Yuzu Corn Salad + Soyu egg
weightloss,Weight Loss Plan,nonveg,Non-Veg,W1,Friday,5,Dinner,Part 2,Soyu egg,Yuzu Corn Salad + Soyu egg
weightloss,Weight Loss Plan,nonveg,Non-Veg,W1,Friday,5,Drink,Part 1,Monkfruit lemonade,Monkfruit lemonade
weightloss,Weight Loss Plan,nonveg,Non-Veg,W1,Friday,5,Lunch,Part 1,Pulled Chicken Caesar Salad,Pulled Chicken Caesar Salad
weightloss,Weight Loss Plan,nonveg,Non-Veg,W1,Saturday,6,Dinner,Part 1,Vegetable millet broth,Vegetable millet broth + Soyu egg
weightloss,Weight Loss Plan,nonveg,Non-Veg,W1,Saturday,6,Dinner,Part 2,Soyu egg,Vegetable millet broth + Soyu egg
weightloss,Weight Loss Plan,nonveg,Non-Veg,W1,Saturday,6,Drink,Part 1,Chia PB Protein Smoothie (MR),Chia PB Protein Smoothie (MR)
weightloss,Weight Loss Plan,nonveg,Non-Veg,W1,Saturday,6,Lunch,Part 1,Ragi Jowar Chappathi combo,Ragi Jowar Chappathi combo
weightloss,Weight Loss Plan,nonveg,Non-Veg,W2,Monday,1,Dinner,Part 1,Ragi collagen chicken soup,Ragi collagen chicken soup + Soyu egg
weightloss,Weight Loss Plan,nonveg,Non-Veg,W2,Monday,1,Dinner,Part 2,Soyu egg,Ragi collagen chicken soup + Soyu egg
weightloss,Weight Loss Plan,nonveg,Non-Veg,W2,Monday,1,Drink,Part 1,Beetroot Kanji,Beetroot Kanji
weightloss,Weight Loss Plan,nonveg,Non-Veg,W2,Monday,1,Lunch,Part 1,Mesclun Salad,Mesclun Salad + Paneer
weightloss,Weight Loss Plan,nonveg,Non-Veg,W2,Monday,1,Lunch,Part 2,Paneer,Mesclun Salad + Paneer
weightloss,Weight Loss Plan,nonveg,Non-Veg,W2,Tuesday,2,Dinner,Part 1,Vegetable millet broth,Vegetable millet broth + Paneer
weightloss,Weight Loss Plan,nonveg,Non-Veg,W2,Tuesday,2,Dinner,Part 2,Paneer,Vegetable millet broth + Paneer
weightloss,Weight Loss Plan,nonveg,Non-Veg,W2,Tuesday,2,Drink,Part 1,ABC Smoothie,ABC Smoothie
weightloss,Weight Loss Plan,nonveg,Non-Veg,W2,Tuesday,2,Lunch,Part 1,Yuzu Salad,Yuzu Salad + Soyu egg
weightloss,Weight Loss Plan,nonveg,Non-Veg,W2,Tuesday,2,Lunch,Part 2,Soyu egg,Yuzu Salad + Soyu egg
weightloss,Weight Loss Plan,nonveg,Non-Veg,W2,Wednesday,3,Dinner,Part 1,Mesclun Salad,Mesclun Salad + Paneer
weightloss,Weight Loss Plan,nonveg,Non-Veg,W2,Wednesday,3,Dinner,Part 2,Paneer,Mesclun Salad + Paneer
weightloss,Weight Loss Plan,nonveg,Non-Veg,W2,Wednesday,3,Drink,Part 1,Chia Protein Smoothie (MR),Chia Protein Smoothie (MR)
weightloss,Weight Loss Plan,nonveg,Non-Veg,W2,Wednesday,3,Lunch,Part 1,Protein Chicken Kanji,Protein Chicken Kanji
weightloss,Weight Loss Plan,nonveg,Non-Veg,W2,Thursday,4,Dinner,Part 1,Yuzu Salad,Yuzu Salad + Soyu egg
weightloss,Weight Loss Plan,nonveg,Non-Veg,W2,Thursday,4,Dinner,Part 2,Soyu egg,Yuzu Salad + Soyu egg
weightloss,Weight Loss Plan,nonveg,Non-Veg,W2,Thursday,4,Drink,Part 1,Mint Smoothie,Mint Smoothie
weightloss,Weight Loss Plan,nonveg,Non-Veg,W2,Thursday,4,Lunch,Part 1,Pulled Chicken Caesar Salad,Pulled Chicken Caesar Salad
weightloss,Weight Loss Plan,nonveg,Non-Veg,W2,Friday,5,Dinner,Part 1,Vegetable millet broth,Vegetable millet broth + Soyu egg
weightloss,Weight Loss Plan,nonveg,Non-Veg,W2,Friday,5,Dinner,Part 2,Soyu egg,Vegetable millet broth + Soyu egg
weightloss,Weight Loss Plan,nonveg,Non-Veg,W2,Friday,5,Drink,Part 1,Tepache,Tepache
weightloss,Weight Loss Plan,nonveg,Non-Veg,W2,Friday,5,Lunch,Part 1,Chicken Sandwich,Chicken Sandwich
weightloss,Weight Loss Plan,nonveg,Non-Veg,W2,Saturday,6,Dinner,Part 1,Mesclun Salad,Mesclun Salad + Soyu egg
weightloss,Weight Loss Plan,nonveg,Non-Veg,W2,Saturday,6,Dinner,Part 2,Soyu egg,Mesclun Salad + Soyu egg
weightloss,Weight Loss Plan,nonveg,Non-Veg,W2,Saturday,6,Drink,Part 1,CBP Protein Smoothie (MR),CBP Protein Smoothie (MR)
weightloss,Weight Loss Plan,nonveg,Non-Veg,W2,Saturday,6,Lunch,Part 1,Ragi combo,Ragi combo
weightloss,Weight Loss Plan,nonveg,Non-Veg,W3,Monday,1,Dinner,Part 1,Vegetable millet broth,Vegetable millet broth + Soyu egg
weightloss,Weight Loss Plan,nonveg,Non-Veg,W3,Monday,1,Dinner,Part 2,Soyu egg,Vegetable millet broth + Soyu egg
weightloss,Weight Loss Plan,nonveg,Non-Veg,W3,Monday,1,Drink,Part 1,Amla Kanji,Amla Kanji
weightloss,Weight Loss Plan,nonveg,Non-Veg,W3,Monday,1,Lunch,Part 1,Yuzu Salad,Yuzu Salad + Paneer
weightloss,Weight Loss Plan,nonveg,Non-Veg,W3,Monday,1,Lunch,Part 2,Paneer,Yuzu Salad + Paneer
weightloss,Weight Loss Plan,nonveg,Non-Veg,W3,Tuesday,2,Dinner,Part 1,Ragi collagen chicken soup,Ragi collagen chicken soup + Soyu egg
weightloss,Weight Loss Plan,nonveg,Non-Veg,W3,Tuesday,2,Dinner,Part 2,Soyu egg,Ragi collagen chicken soup + Soyu egg
weightloss,Weight Loss Plan,nonveg,Non-Veg,W3,Tuesday,2,Drink,Part 1,ABC Smoothie,ABC Smoothie
weightloss,Weight Loss Plan,nonveg,Non-Veg,W3,Tuesday,2,Lunch,Part 1,Mesclun,Mesclun + Chicken
weightloss,Weight Loss Plan,nonveg,Non-Veg,W3,Tuesday,2,Lunch,Part 2,Chicken,Mesclun + Chicken
weightloss,Weight Loss Plan,nonveg,Non-Veg,W3,Wednesday,3,Dinner,Part 1,Mesclun,Mesclun + Paneer
weightloss,Weight Loss Plan,nonveg,Non-Veg,W3,Wednesday,3,Dinner,Part 2,Paneer,Mesclun + Paneer
weightloss,Weight Loss Plan,nonveg,Non-Veg,W3,Wednesday,3,Drink,Part 1,Mint Smoothie,Mint Smoothie
weightloss,Weight Loss Plan,nonveg,Non-Veg,W3,Wednesday,3,Lunch,Part 1,Pulled Chicken Caesar Salad,Pulled Chicken Caesar Salad
weightloss,Weight Loss Plan,nonveg,Non-Veg,W3,Thursday,4,Dinner,Part 1,Yuzu,Yuzu + Soyu egg
weightloss,Weight Loss Plan,nonveg,Non-Veg,W3,Thursday,4,Dinner,Part 2,Soyu egg,Yuzu + Soyu egg
weightloss,Weight Loss Plan,nonveg,Non-Veg,W3,Thursday,4,Drink,Part 1,Chia PB Smoothie (MR),Chia PB Smoothie (MR)
weightloss,Weight Loss Plan,nonveg,Non-Veg,W3,Thursday,4,Lunch,Part 1,Protein Chicken Kanji,Protein Chicken Kanji
weightloss,Weight Loss Plan,nonveg,Non-Veg,W3,Friday,5,Dinner,Part 1,Vegetable millet broth,Vegetable millet broth + Paneer
weightloss,Weight Loss Plan,nonveg,Non-Veg,W3,Friday,5,Dinner,Part 2,Paneer,Vegetable millet broth + Paneer
weightloss,Weight Loss Plan,nonveg,Non-Veg,W3,Friday,5,Drink,Part 1,Masala Chaas,Masala Chaas
weightloss,Weight Loss Plan,nonveg,Non-Veg,W3,Friday,5,Lunch,Part 1,Chicken Sandwich,Chicken Sandwich
weightloss,Weight Loss Plan,nonveg,Non-Veg,W3,Saturday,6,Dinner,Part 1,Mesclun,Mesclun + Soyu egg
weightloss,Weight Loss Plan,nonveg,Non-Veg,W3,Saturday,6,Dinner,Part 2,Soyu egg,Mesclun + Soyu egg
weightloss,Weight Loss Plan,nonveg,Non-Veg,W3,Saturday,6,Drink,Part 1,Chia Protein Smoothie (MR),Chia Protein Smoothie (MR)
weightloss,Weight Loss Plan,nonveg,Non-Veg,W3,Saturday,6,Lunch,Part 1,Ragi combo,Ragi combo
weightloss,Weight Loss Plan,nonveg,Non-Veg,W4,Monday,1,Dinner,Part 1,Vegetable millet broth,Vegetable millet broth + Soyu egg
weightloss,Weight Loss Plan,nonveg,Non-Veg,W4,Monday,1,Dinner,Part 2,Soyu egg,Vegetable millet broth + Soyu egg
weightloss,Weight Loss Plan,nonveg,Non-Veg,W4,Monday,1,Drink,Part 1,ABC Smoothie,ABC Smoothie
weightloss,Weight Loss Plan,nonveg,Non-Veg,W4,Monday,1,Lunch,Part 1,Mesclun,Mesclun + Paneer
weightloss,Weight Loss Plan,nonveg,Non-Veg,W4,Monday,1,Lunch,Part 2,Paneer,Mesclun + Paneer
weightloss,Weight Loss Plan,nonveg,Non-Veg,W4,Tuesday,2,Dinner,Part 1,Ragi collagen chicken soup,Ragi collagen chicken soup + Soyu egg
weightloss,Weight Loss Plan,nonveg,Non-Veg,W4,Tuesday,2,Dinner,Part 2,Soyu egg,Ragi collagen chicken soup + Soyu egg
weightloss,Weight Loss Plan,nonveg,Non-Veg,W4,Tuesday,2,Drink,Part 1,Tepache,Tepache
weightloss,Weight Loss Plan,nonveg,Non-Veg,W4,Tuesday,2,Lunch,Part 1,Pulled Chicken Caesar Salad,Pulled Chicken Caesar Salad
weightloss,Weight Loss Plan,nonveg,Non-Veg,W4,Wednesday,3,Dinner,Part 1,Yuzu,Yuzu + Paneer
weightloss,Weight Loss Plan,nonveg,Non-Veg,W4,Wednesday,3,Dinner,Part 2,Paneer,Yuzu + Paneer
weightloss,Weight Loss Plan,nonveg,Non-Veg,W4,Wednesday,3,Drink,Part 1,CBP Protein Smoothie (MR),CBP Protein Smoothie (MR)
weightloss,Weight Loss Plan,nonveg,Non-Veg,W4,Wednesday,3,Lunch,Part 1,Protein Chicken Kanji,Protein Chicken Kanji
weightloss,Weight Loss Plan,nonveg,Non-Veg,W4,Thursday,4,Dinner,Part 1,Mesclun,Mesclun + Soyu egg
weightloss,Weight Loss Plan,nonveg,Non-Veg,W4,Thursday,4,Dinner,Part 2,Soyu egg,Mesclun + Soyu egg
weightloss,Weight Loss Plan,nonveg,Non-Veg,W4,Thursday,4,Drink,Part 1,Mint Smoothie,Mint Smoothie
weightloss,Weight Loss Plan,nonveg,Non-Veg,W4,Thursday,4,Lunch,Part 1,Chicken Sandwich,Chicken Sandwich
weightloss,Weight Loss Plan,nonveg,Non-Veg,W4,Friday,5,Dinner,Part 1,Vegetable millet broth,Vegetable millet broth + Paneer
weightloss,Weight Loss Plan,nonveg,Non-Veg,W4,Friday,5,Dinner,Part 2,Paneer,Vegetable millet broth + Paneer
weightloss,Weight Loss Plan,nonveg,Non-Veg,W4,Friday,5,Drink,Part 1,Amla Kanji,Amla Kanji
weightloss,Weight Loss Plan,nonveg,Non-Veg,W4,Friday,5,Lunch,Part 1,Yuzu,Yuzu + Soyu egg
weightloss,Weight Loss Plan,nonveg,Non-Veg,W4,Friday,5,Lunch,Part 2,Soyu egg,Yuzu + Soyu egg
weightloss,Weight Loss Plan,nonveg,Non-Veg,W4,Saturday,6,Dinner,Part 1,Vegetable millet broth,Vegetable millet broth + Soyu egg
weightloss,Weight Loss Plan,nonveg,Non-Veg,W4,Saturday,6,Dinner,Part 2,Soyu egg,Vegetable millet broth + Soyu egg
weightloss,Weight Loss Plan,nonveg,Non-Veg,W4,Saturday,6,Drink,Part 1,Chia PB Smoothie (MR),Chia PB Smoothie (MR)
weightloss,Weight Loss Plan,nonveg,Non-Veg,W4,Saturday,6,Lunch,Part 1,Ragi combo,Ragi combo
weightloss,Weight Loss Plan,veg,Veg,W1,Monday,1,Dinner,Part 1,Vegetable millet broth,Vegetable millet broth + Soyu egg
weightloss,Weight Loss Plan,veg,Veg,W1,Monday,1,Dinner,Part 2,Soyu egg,Vegetable millet broth + Soyu egg
weightloss,Weight Loss Plan,veg,Veg,W1,Monday,1,Drink,Part 1,ABC Smoothie,ABC Smoothie
weightloss,Weight Loss Plan,veg,Veg,W1,Monday,1,Lunch,Part 1,Mesclun Quinoa Salad,Mesclun Quinoa Salad + Paneer
weightloss,Weight Loss Plan,veg,Veg,W1,Monday,1,Lunch,Part 2,Paneer,Mesclun Quinoa Salad + Paneer
weightloss,Weight Loss Plan,veg,Veg,W1,Tuesday,2,Dinner,Part 1,Vegetable millet broth,Vegetable millet broth + Paneer
weightloss,Weight Loss Plan,veg,Veg,W1,Tuesday,2,Dinner,Part 2,Paneer,Vegetable millet broth + Paneer
weightloss,Weight Loss Plan,veg,Veg,W1,Tuesday,2,Drink,Part 1,Mint Smoothie,Mint Smoothie
weightloss,Weight Loss Plan,veg,Veg,W1,Tuesday,2,Lunch,Part 1,Yuzu Corn Salad,Yuzu Corn Salad + Paneer
weightloss,Weight Loss Plan,veg,Veg,W1,Tuesday,2,Lunch,Part 2,Paneer,Yuzu Corn Salad + Paneer
weightloss,Weight Loss Plan,veg,Veg,W1,Wednesday,3,Dinner,Part 1,Mesclun Quinoa Salad,Mesclun Quinoa Salad + Soyu egg
weightloss,Weight Loss Plan,veg,Veg,W1,Wednesday,3,Dinner,Part 2,Soyu egg,Mesclun Quinoa Salad + Soyu egg
weightloss,Weight Loss Plan,veg,Veg,W1,Wednesday,3,Drink,Part 1,CBP Protein Smoothie (MR),CBP Protein Smoothie (MR)
weightloss,Weight Loss Plan,veg,Veg,W1,Wednesday,3,Lunch,Part 1,Protein Millet Kanji (Veg Adapted),Protein Millet Kanji (Veg Adapted)
weightloss,Weight Loss Plan,veg,Veg,W1,Thursday,4,Dinner,Part 1,Vegetable millet broth,Vegetable millet broth + Paneer
weightloss,Weight Loss Plan,veg,Veg,W1,Thursday,4,Dinner,Part 2,Paneer,Vegetable millet broth + Paneer
weightloss,Weight Loss Plan,veg,Veg,W1,Thursday,4,Drink,Part 1,Masala Chaas,Masala Chaas
weightloss,Weight Loss Plan,veg,Veg,W1,Thursday,4,Lunch,Part 1,Furikake Avocado Toast,Furikake Avocado Toast + Soyu egg
weightloss,Weight Loss Plan,veg,Veg,W1,Thursday,4,Lunch,Part 2,Soyu egg,Furikake Avocado Toast + Soyu egg
weightloss,Weight Loss Plan,veg,Veg,W1,Friday,5,Dinner,Part 1,Mesclun Quinoa Salad,Mesclun Quinoa Salad + Paneer
weightloss,Weight Loss Plan,veg,Veg,W1,Friday,5,Dinner,Part 2,Paneer,Mesclun Quinoa Salad + Paneer
weightloss,Weight Loss Plan,veg,Veg,W1,Friday,5,Drink,Part 1,Monkfruit lemonade,Monkfruit lemonade
weightloss,Weight Loss Plan,veg,Veg,W1,Friday,5,Lunch,Part 1,Yuzu Corn Salad,Yuzu Corn Salad + Soyu egg
weightloss,Weight Loss Plan,veg,Veg,W1,Friday,5,Lunch,Part 2,Soyu egg,Yuzu Corn Salad + Soyu egg
weightloss,Weight Loss Plan,veg,Veg,W1,Saturday,6,Dinner,Part 1,Vegetable millet broth,Vegetable millet broth + Soyu egg
weightloss,Weight Loss Plan,veg,Veg,W1,Saturday,6,Dinner,Part 2,Soyu egg,Vegetable millet broth + Soyu egg
weightloss,Weight Loss Plan,veg,Veg,W1,Saturday,6,Drink,Part 1,Chia PB Protein Smoothie (MR),Chia PB Protein Smoothie (MR)
weightloss,Weight Loss Plan,veg,Veg,W1,Saturday,6,Lunch,Part 1,Ragi Jowar Chappathi combo,Ragi Jowar Chappathi combo
weightloss,Weight Loss Plan,veg,Veg,W2,Monday,1,Dinner,Part 1,Vegetable millet broth,Vegetable millet broth + Soyu egg
weightloss,Weight Loss Plan,veg,Veg,W2,Monday,1,Dinner,Part 2,Soyu egg,Vegetable millet broth + Soyu egg
weightloss,Weight Loss Plan,veg,Veg,W2,Monday,1,Drink,Part 1,Beetroot Kanji,Beetroot Kanji
weightloss,Weight Loss Plan,veg,Veg,W2,Monday,1,Lunch,Part 1,Mesclun Salad,Mesclun Salad + Paneer
weightloss,Weight Loss Plan,veg,Veg,W2,Monday,1,Lunch,Part 2,Paneer,Mesclun Salad + Paneer
weightloss,Weight Loss Plan,veg,Veg,W2,Tuesday,2,Dinner,Part 1,Vegetable millet broth,Vegetable millet broth + Paneer
weightloss,Weight Loss Plan,veg,Veg,W2,Tuesday,2,Dinner,Part 2,Paneer,Vegetable millet broth + Paneer
weightloss,Weight Loss Plan,veg,Veg,W2,Tuesday,2,Drink,Part 1,ABC Smoothie,ABC Smoothie
weightloss,Weight Loss Plan,veg,Veg,W2,Tuesday,2,Lunch,Part 1,Yuzu Salad,Yuzu Salad + Soyu egg
weightloss,Weight Loss Plan,veg,Veg,W2,Tuesday,2,Lunch,Part 2,Soyu egg,Yuzu Salad + Soyu egg
weightloss,Weight Loss Plan,veg,Veg,W2,Wednesday,3,Dinner,Part 1,Mesclun Salad,Mesclun Salad + Paneer
weightloss,Weight Loss Plan,veg,Veg,W2,Wednesday,3,Dinner,Part 2,Paneer,Mesclun Salad + Paneer
weightloss,Weight Loss Plan,veg,Veg,W2,Wednesday,3,Drink,Part 1,Chia Protein Smoothie (MR),Chia Protein Smoothie (MR)
weightloss,Weight Loss Plan,veg,Veg,W2,Wednesday,3,Lunch,Part 1,Protein Millet Kanji (Veg),Protein Millet Kanji (Veg)
weightloss,Weight Loss Plan,veg,Veg,W2,Thursday,4,Dinner,Part 1,Yuzu Salad,Yuzu Salad + Paneer
weightloss,Weight Loss Plan,veg,Veg,W2,Thursday,4,Dinner,Part 2,Paneer,Yuzu Salad + Paneer
weightloss,Weight Loss Plan,veg,Veg,W2,Thursday,4,Drink,Part 1,Mint Smoothie,Mint Smoothie
weightloss,Weight Loss Plan,veg,Veg,W2,Thursday,4,Lunch,Part 1,Mesclun Salad,Mesclun Salad + Soyu egg
weightloss,Weight Loss Plan,veg,Veg,W2,Thursday,4,Lunch,Part 2,Soyu egg,Mesclun Salad + Soyu egg
weightloss,Weight Loss Plan,veg,Veg,W2,Friday,5,Dinner,Part 1,Vegetable millet broth,Vegetable millet broth + Soyu egg
weightloss,Weight Loss Plan,veg,Veg,W2,Friday,5,Dinner,Part 2,Soyu egg,Vegetable millet broth + Soyu egg
weightloss,Weight Loss Plan,veg,Veg,W2,Friday,5,Drink,Part 1,Tepache,Tepache
weightloss,Weight Loss Plan,veg,Veg,W2,Friday,5,Lunch,Part 1,Furikake Toast,Furikake Toast + Soyu egg
weightloss,Weight Loss Plan,veg,Veg,W2,Friday,5,Lunch,Part 2,Soyu egg,Furikake Toast + Soyu egg
weightloss,Weight Loss Plan,veg,Veg,W2,Saturday,6,Dinner,Part 1,Mesclun Salad,Mesclun Salad + Soyu egg
weightloss,Weight Loss Plan,veg,Veg,W2,Saturday,6,Dinner,Part 2,Soyu egg,Mesclun Salad + Soyu egg
weightloss,Weight Loss Plan,veg,Veg,W2,Saturday,6,Drink,Part 1,CBP Protein Smoothie (MR),CBP Protein Smoothie (MR)
weightloss,Weight Loss Plan,veg,Veg,W2,Saturday,6,Lunch,Part 1,Ragi combo,Ragi combo
weightloss,Weight Loss Plan,veg,Veg,W3,Monday,1,Dinner,Part 1,Vegetable millet broth,Vegetable millet broth + Soyu egg
weightloss,Weight Loss Plan,veg,Veg,W3,Monday,1,Dinner,Part 2,Soyu egg,Vegetable millet broth + Soyu egg
weightloss,Weight Loss Plan,veg,Veg,W3,Monday,1,Drink,Part 1,Amla Kanji,Amla Kanji
weightloss,Weight Loss Plan,veg,Veg,W3,Monday,1,Lunch,Part 1,Yuzu Salad,Yuzu Salad + Paneer
weightloss,Weight Loss Plan,veg,Veg,W3,Monday,1,Lunch,Part 2,Paneer,Yuzu Salad + Paneer
weightloss,Weight Loss Plan,veg,Veg,W3,Tuesday,2,Dinner,Part 1,Vegetable millet broth,Vegetable millet broth + Paneer
weightloss,Weight Loss Plan,veg,Veg,W3,Tuesday,2,Dinner,Part 2,Paneer,Vegetable millet broth + Paneer
weightloss,Weight Loss Plan,veg,Veg,W3,Tuesday,2,Drink,Part 1,ABC Smoothie,ABC Smoothie
weightloss,Weight Loss Plan,veg,Veg,W3,Tuesday,2,Lunch,Part 1,Mesclun,Mesclun + Paneer
weightloss,Weight Loss Plan,veg,Veg,W3,Tuesday,2,Lunch,Part 2,Paneer,Mesclun + Paneer
weightloss,Weight Loss Plan,veg,Veg,W3,Wednesday,3,Dinner,Part 1,Mesclun,Mesclun + Paneer
weightloss,Weight Loss Plan,veg,Veg,W3,Wednesday,3,Dinner,Part 2,Paneer,Mesclun + Paneer
weightloss,Weight Loss Plan,veg,Veg,W3,Wednesday,3,Drink,Part 1,Mint Smoothie,Mint Smoothie
weightloss,Weight Loss Plan,veg,Veg,W3,Wednesday,3,Lunch,Part 1,Mesclun Salad,Mesclun Salad + Soyu egg
weightloss,Weight Loss Plan,veg,Veg,W3,Wednesday,3,Lunch,Part 2,Soyu egg,Mesclun Salad + Soyu egg
weightloss,Weight Loss Plan,veg,Veg,W3,Thursday,4,Dinner,Part 1,Yuzu,Yuzu + Soyu egg
weightloss,Weight Loss Plan,veg,Veg,W3,Thursday,4,Dinner,Part 2,Soyu egg,Yuzu + Soyu egg
weightloss,Weight Loss Plan,veg,Veg,W3,Thursday,4,Drink,Part 1,Chia PB Smoothie (MR),Chia PB Smoothie (MR)
weightloss,Weight Loss Plan,veg,Veg,W3,Thursday,4,Lunch,Part 1,Protein Millet Kanji (Veg),Protein Millet Kanji (Veg)
weightloss,Weight Loss Plan,veg,Veg,W3,Friday,5,Dinner,Part 1,Vegetable millet broth,Vegetable millet broth + Paneer
weightloss,Weight Loss Plan,veg,Veg,W3,Friday,5,Dinner,Part 2,Paneer,Vegetable millet broth + Paneer
weightloss,Weight Loss Plan,veg,Veg,W3,Friday,5,Drink,Part 1,Masala Chaas,Masala Chaas
weightloss,Weight Loss Plan,veg,Veg,W3,Friday,5,Lunch,Part 1,Furikake Toast,Furikake Toast
weightloss,Weight Loss Plan,veg,Veg,W3,Saturday,6,Dinner,Part 1,Mesclun,Mesclun + Soyu egg
weightloss,Weight Loss Plan,veg,Veg,W3,Saturday,6,Dinner,Part 2,Soyu egg,Mesclun + Soyu egg
weightloss,Weight Loss Plan,veg,Veg,W3,Saturday,6,Drink,Part 1,Chia Protein Smoothie (MR),Chia Protein Smoothie (MR)
weightloss,Weight Loss Plan,veg,Veg,W3,Saturday,6,Lunch,Part 1,Ragi combo,Ragi combo
weightloss,Weight Loss Plan,veg,Veg,W4,Monday,1,Dinner,Part 1,Vegetable millet broth,Vegetable millet broth + Soyu egg
weightloss,Weight Loss Plan,veg,Veg,W4,Monday,1,Dinner,Part 2,Soyu egg,Vegetable millet broth + Soyu egg
weightloss,Weight Loss Plan,veg,Veg,W4,Monday,1,Drink,Part 1,ABC Smoothie,ABC Smoothie
weightloss,Weight Loss Plan,veg,Veg,W4,Monday,1,Lunch,Part 1,Mesclun,Mesclun + Paneer
weightloss,Weight Loss Plan,veg,Veg,W4,Monday,1,Lunch,Part 2,Paneer,Mesclun + Paneer
weightloss,Weight Loss Plan,veg,Veg,W4,Tuesday,2,Dinner,Part 1,Vegetable millet broth,Vegetable millet broth + Paneer
weightloss,Weight Loss Plan,veg,Veg,W4,Tuesday,2,Dinner,Part 2,Paneer,Vegetable millet broth + Paneer
weightloss,Weight Loss Plan,veg,Veg,W4,Tuesday,2,Drink,Part 1,Tepache,Tepache
weightloss,Weight Loss Plan,veg,Veg,W4,Tuesday,2,Lunch,Part 1,Yuzu Salad,Yuzu Salad
weightloss,Weight Loss Plan,veg,Veg,W4,Wednesday,3,Dinner,Part 1,Yuzu,Yuzu + Paneer
weightloss,Weight Loss Plan,veg,Veg,W4,Wednesday,3,Dinner,Part 2,Paneer,Yuzu + Paneer
weightloss,Weight Loss Plan,veg,Veg,W4,Wednesday,3,Drink,Part 1,CBP Protein Smoothie (MR),CBP Protein Smoothie (MR)
weightloss,Weight Loss Plan,veg,Veg,W4,Wednesday,3,Lunch,Part 1,Protein Millet Kanji,Protein Millet Kanji
weightloss,Weight Loss Plan,veg,Veg,W4,Thursday,4,Dinner,Part 1,Mesclun,Mesclun + Soyu egg
weightloss,Weight Loss Plan,veg,Veg,W4,Thursday,4,Dinner,Part 2,Soyu egg,Mesclun + Soyu egg
weightloss,Weight Loss Plan,veg,Veg,W4,Thursday,4,Drink,Part 1,Mint Smoothie,Mint Smoothie
weightloss,Weight Loss Plan,veg,Veg,W4,Thursday,4,Lunch,Part 1,Furikake Toast,Furikake Toast
weightloss,Weight Loss Plan,veg,Veg,W4,Friday,5,Dinner,Part 1,Vegetable millet broth,Vegetable millet broth + Paneer
weightloss,Weight Loss Plan,veg,Veg,W4,Friday,5,Dinner,Part 2,Paneer,Vegetable millet broth + Paneer
weightloss,Weight Loss Plan,veg,Veg,W4,Friday,5,Drink,Part 1,Amla Kanji,Amla Kanji
weightloss,Weight Loss Plan,veg,Veg,W4,Friday,5,Lunch,Part 1,Yuzu,Yuzu + Soyu egg
weightloss,Weight Loss Plan,veg,Veg,W4,Friday,5,Lunch,Part 2,Soyu egg,Yuzu + Soyu egg
weightloss,Weight Loss Plan,veg,Veg,W4,Saturday,6,Dinner,Part 1,Vegetable millet broth,Vegetable millet broth + Soyu egg
weightloss,Weight Loss Plan,veg,Veg,W4,Saturday,6,Dinner,Part 2,Soyu egg,Vegetable millet broth + Soyu egg
weightloss,Weight Loss Plan,veg,Veg,W4,Saturday,6,Drink,Part 1,Chia PB Smoothie (MR),Chia PB Smoothie (MR)
weightloss,Weight Loss Plan,veg,Veg,W4,Saturday,6,Lunch,Part 1,Ragi combo,Ragi combo
